,Rewards,Score,Episode_Length
0,-5,0,6
1,-6,0,5
2,1,0,12
3,1,0,12
4,-3,0,8
5,0,0,11
6,1,0,12
7,9,1,20
8,1,0,12
9,1,0,12
10,1,0,12
11,1,0,12
12,1,0,12
13,1,0,12
14,1,0,12
15,11,1,22
16,1,0,12
17,1,0,12
18,8,1,19
19,1,0,12
20,11,1,22
21,11,1,22
22,11,1,22
23,14,2,25
24,3,1,14
25,1,0,12
26,1,0,12
27,1,0,12
28,1,0,12
29,1,0,12
30,11,1,22
31,11,1,22
32,1,0,12
33,1,0,12
34,6,1,17
35,1,0,12
36,13,2,24
37,1,0,12
38,31,3,42
39,23,3,34
40,1,0,12
41,3,1,14
42,21,2,32
43,11,1,22
44,11,1,22
45,1,0,12
46,-1,0,10
47,21,2,32
48,1,0,12
49,31,3,42
50,31,3,42
51,1,0,12
52,31,3,42
53,71,7,82
54,21,2,32
55,61,6,72
56,21,2,32
57,1,0,12
58,81,8,92
59,11,1,22
60,44,5,55
61,23,3,34
62,1,0,12
63,21,2,32
64,29,3,40
65,1,0,12
66,8,1,19
67,11,1,22
68,-5,0,6
69,13,2,24
70,41,4,52
71,21,2,32
72,51,5,62
73,11,1,22
74,71,7,82
75,1,0,12
76,48,5,59
77,1,0,12
78,11,1,22
79,31,3,42
80,104,11,115
81,17,2,28
82,69,7,80
83,1,0,12
84,91,9,102
85,41,4,52
86,21,2,32
87,61,6,72
88,30,3,41
89,71,7,82
90,151,15,162
91,11,1,22
92,2,0,13
93,11,1,22
94,211,21,222
95,28,3,39
96,71,7,82
97,11,1,22
98,251,25,262
99,41,4,52
100,161,16,172
101,431,43,442
102,1,0,12
103,912,91,923
104,13,2,24
105,-5,0,6
106,211,21,222
107,42,4,53
108,41,4,52
109,281,28,292
110,321,32,332
111,49,5,60
112,0,0,11
113,51,5,62
114,11,1,22
115,11,1,22
116,1,0,12
117,37,4,48
118,71,7,82
119,211,21,222
120,1,0,12
121,1,0,12
122,1,0,12
123,11,1,22
124,291,29,302
125,69,7,80
126,261,26,272
127,1,0,12
128,189,19,200
129,141,14,152
130,188,19,199
131,191,19,202
132,151,15,162
133,29,3,40
134,68,7,79
135,39,4,50
136,146,15,157
137,101,10,112
138,53,6,64
139,91,9,102
140,141,14,152
141,31,3,42
142,721,72,732
143,61,6,72
144,1,0,12
145,191,19,202
146,169,17,180
147,9,1,20
148,12,1,23
149,1,0,12
150,71,7,82
151,171,17,182
152,91,9,102
153,24,3,35
154,151,15,162
155,14,2,25
156,31,3,42
157,12,1,23
158,144,15,155
159,113,12,124
160,221,22,232
161,40,4,51
162,36,4,47
163,231,23,242
164,61,6,72
165,951,95,962
166,11,1,22
167,321,32,332
168,21,2,32
169,191,19,202
170,591,59,602
171,801,80,812
172,41,4,52
173,639,64,650
174,0,0,11
175,8,1,19
176,931,93,942
177,11,1,22
178,12,1,23
179,197,20,208
180,47,5,58
181,37,4,48
182,631,63,642
183,61,6,72
184,71,7,82
185,188,19,199
186,41,4,52
187,31,3,42
188,91,9,102
189,21,2,32
190,22,2,33
191,10,1,21
192,31,3,42
193,11,1,22
194,1,0,12
195,48,5,59
196,21,2,32
197,48,5,59
198,41,4,52
199,-1,0,10
200,31,3,42
201,121,12,132
202,91,9,102
203,31,3,42
204,121,12,132
205,51,5,62
206,131,13,142
207,11,1,22
208,61,6,72
209,191,19,202
210,41,4,52
211,11,1,22
212,61,6,72
213,31,3,42
214,21,2,32
215,121,12,132
216,31,3,42
217,121,12,132
218,82,8,93
219,1,0,12
220,41,4,52
221,21,2,32
222,76,8,87
223,31,3,42
224,61,6,72
225,221,22,232
226,126,13,137
227,171,17,182
228,67,7,78
229,116,12,127
230,41,4,52
231,31,3,42
232,-4,0,7
233,141,14,152
234,28,3,39
235,51,5,62
236,231,23,242
237,21,2,32
238,8,1,19
239,187,19,198
240,251,25,262
241,21,2,32
242,71,7,82
243,89,9,100
244,111,11,122
245,31,3,42
246,231,23,242
247,47,5,58
248,231,23,242
249,20,2,31
250,91,9,102
251,381,38,392
252,110,11,121
253,245,25,256
254,131,13,142
255,86,9,97
256,180,18,191
257,45,5,56
258,128,13,139
259,38,4,49
260,-3,0,8
261,20,2,31
262,18,2,29
263,39,4,50
264,15,2,26
265,11,1,22
266,1,0,12
267,-2,0,9
268,11,1,22
269,111,11,122
270,41,4,52
271,71,7,82
272,161,16,172
273,7,1,18
274,31,3,42
275,71,7,82
276,91,9,102
277,261,26,272
278,171,17,182
279,51,5,62
280,9,1,20
281,11,1,22
282,31,3,42
283,171,17,182
284,290,29,301
285,21,2,32
286,1,0,12
287,161,16,172
288,61,6,72
289,111,11,122
290,81,8,92
291,31,3,42
292,181,18,192
293,351,35,362
294,-2,0,9
295,211,21,222
296,-6,0,5
297,51,5,62
298,61,6,72
299,251,25,262
300,11,1,22
301,261,26,272
302,131,13,142
303,451,45,462
304,81,8,92
305,41,4,52
306,111,11,122
307,28,3,39
308,115,12,126
309,328,33,339
310,31,3,42
311,51,5,62
312,21,2,32
313,21,2,32
314,82,8,93
315,11,1,22
316,21,2,32
317,31,3,42
318,1,0,12
319,21,2,32
320,-2,0,9
321,1,0,12
322,11,1,22
323,161,16,172
324,51,5,62
325,81,8,92
326,11,1,22
327,11,1,22
328,31,3,42
329,11,1,22
330,31,3,42
331,31,3,42
332,191,19,202
333,31,3,42
334,41,4,52
335,11,1,22
336,51,5,62
337,151,15,162
338,51,5,62
339,57,6,68
340,97,10,108
341,97,10,108
342,7,1,18
343,21,2,32
344,51,5,62
345,11,1,22
346,87,9,98
347,61,6,72
348,29,3,40
349,11,1,22
350,21,2,32
351,26,3,37
352,16,2,27
353,44,5,55
354,124,13,135
355,6,1,17
356,78,8,89
357,-5,0,6
358,-3,0,8
359,41,4,52
360,21,2,32
361,167,17,178
362,161,16,172
363,1,0,12
364,31,3,42
365,71,7,82
366,121,12,132
367,1,0,12
368,201,20,212
369,66,7,77
370,11,1,22
371,27,3,38
372,114,12,125
373,331,33,342
374,232,23,243
375,213,22,224
376,4,1,15
377,71,7,82
378,22,2,33
379,-5,0,6
380,181,18,192
381,79,8,90
382,71,7,82
383,81,8,92
384,81,8,92
385,91,9,102
386,81,8,92
387,21,2,32
388,51,5,62
389,71,7,82
390,151,15,162
391,171,17,182
392,11,1,22
393,101,10,112
394,258,26,269
395,91,9,102
396,321,32,332
397,28,3,39
398,71,7,82
399,241,24,252
400,71,7,82
401,19,2,30
402,191,19,202
403,20,2,31
404,81,8,92
405,15,2,26
406,607,61,618
407,20,2,31
408,459,46,470
409,41,4,52
410,138,14,149
411,47,5,58
412,351,35,362
413,21,2,32
414,131,13,142
415,88,9,99
416,29,3,40
417,37,4,48
418,99,10,110
419,28,3,39
420,21,2,32
421,11,1,22
422,28,3,39
423,18,2,29
424,289,29,300
425,731,73,742
426,118,12,129
427,447,45,458
428,71,7,82
429,11,1,22
430,7,1,18
431,163,17,174
432,89,9,100
433,1,0,12
434,31,3,42
435,161,16,172
436,160,16,171
437,31,3,42
438,5,1,16
439,231,23,242
440,244,25,255
441,24,3,35
442,215,22,226
443,91,9,102
444,31,3,42
445,171,17,182
446,206,21,217
447,381,38,392
448,81,8,92
449,67,7,78
450,130,13,141
451,151,15,162
452,965,97,976
453,129,13,140
454,951,95,962
455,81,8,92
456,589,59,600
457,101,10,112
458,159,16,170
459,151,15,162
460,11,1,22
461,81,8,92
462,161,16,172
463,309,31,320
464,411,41,422
465,111,11,122
466,684,69,695
467,25,3,36
468,20,2,31
469,33,4,44
470,71,7,82
471,-2,0,9
472,19,2,30
473,130,13,141
474,11,1,22
475,11,1,22
476,41,4,52
477,101,10,112
478,21,2,32
479,71,7,82
480,59,6,70
481,31,3,42
482,21,2,32
483,26,3,37
484,11,1,22
485,11,1,22
486,21,2,32
487,11,1,22
488,71,7,82
489,6,1,17
490,21,2,32
491,31,3,42
492,21,2,32
493,21,2,32
494,11,1,22
495,21,2,32
496,21,2,32
497,20,2,31
498,31,3,42
499,21,2,32
500,11,1,22
501,41,4,52
502,131,13,142
503,20,2,31
504,41,4,52
505,21,2,32
506,21,2,32
507,21,2,32
508,11,1,22
509,21,2,32
510,11,1,22
511,1,0,12
512,80,8,91
513,11,1,22
514,71,7,82
515,31,3,42
516,10,1,21
517,45,5,56
518,131,13,142
519,31,3,42
520,-1,0,10
521,91,9,102
522,28,3,39
523,131,13,142
524,68,7,79
525,81,8,92
526,57,6,68
527,61,6,72
528,51,5,62
529,41,4,52
530,171,17,182
531,41,4,52
532,161,16,172
533,121,12,132
534,41,4,52
535,191,19,202
536,21,2,32
537,7,1,18
538,71,7,82
539,41,4,52
540,70,7,81
541,261,26,272
542,391,39,402
543,88,9,99
544,91,9,102
545,-6,0,5
546,108,11,119
547,150,15,161
548,-5,0,6
549,11,1,22
550,31,3,42
551,34,4,45
552,151,15,162
553,321,32,332
554,98,10,109
555,31,3,42
556,301,30,312
557,218,22,229
558,188,19,199
559,98,10,109
560,1,0,12
561,61,6,72
562,68,7,79
563,60,6,71
564,221,22,232
565,11,1,22
566,121,12,132
567,131,13,142
568,81,8,92
569,360,36,371
570,21,2,32
571,21,2,32
572,131,13,142
573,51,5,62
574,-6,0,5
575,261,26,272
576,1,0,12
577,201,20,212
578,1,0,12
579,11,1,22
580,471,47,482
581,17,2,28
582,179,18,190
583,67,7,78
584,237,24,248
585,31,3,42
586,359,36,370
587,221,22,232
588,81,8,92
589,71,7,82
590,11,1,22
591,211,21,222
592,161,16,172
593,179,18,190
594,639,64,650
595,551,55,562
596,450,45,461
597,1071,107,1082
598,194,20,205
599,911,91,922
600,239,24,250
601,-6,0,5
602,634,64,645
603,51,5,62
604,91,9,102
605,444,45,455
606,262,26,273
607,416,42,427
608,35,4,46
609,36,4,47
610,21,2,32
611,211,21,222
612,91,9,102
613,5,1,16
614,31,3,42
615,221,22,232
616,148,15,159
617,8,1,19
618,161,16,172
619,101,10,112
620,81,8,92
621,1,0,12
622,11,1,22
623,111,11,122
624,11,1,22
625,1,0,12
626,11,1,22
627,441,44,452
628,121,12,132
629,555,56,566
630,46,5,57
631,671,67,682
632,285,29,296
633,141,14,152
634,1586,159,1597
635,221,22,232
636,21,2,32
637,1,0,12
638,1,0,12
639,51,5,62
640,1,0,12
641,11,1,22
642,1,0,12
643,81,8,92
644,31,3,42
645,11,1,22
646,21,2,32
647,139,14,150
648,59,6,70
649,183,19,194
650,6,1,17
651,101,10,112
652,31,3,42
653,64,7,75
654,61,6,72
655,353,36,364
656,241,24,252
657,98,10,109
658,572,57,583
659,151,15,162
660,362,36,373
661,251,25,262
662,17,2,28
663,21,2,32
664,441,44,452
665,187,19,198
666,9,1,20
667,27,3,38
668,48,5,59
669,338,34,349
670,111,11,122
671,8,1,19
672,391,39,402
673,381,38,392
674,1121,112,1132
675,1425,143,1436
676,164,17,175
677,1,0,12
678,412,41,423
679,111,11,122
680,361,36,372
681,2,0,13
682,22,2,33
683,33,4,44
684,53,6,64
685,12,1,23
686,2,0,13
687,2,0,13
688,112,11,123
689,31,3,42
690,138,14,149
691,309,31,320
692,85,9,96
693,441,44,452
694,112,11,123
695,1431,143,1442
696,451,45,462
697,267,27,278
698,247,25,258
699,67,7,78
700,15,2,26
701,177,18,188
702,7,1,18
703,57,6,68
704,471,47,482
705,39,4,50
706,600,60,611
707,68,7,79
708,91,9,102
709,218,22,229
710,8,1,19
711,50,5,61
712,151,15,162
713,258,26,269
714,106,11,117
715,135,14,146
716,801,80,812
717,383,39,394
718,81,8,92
719,252,25,263
720,180,18,191
721,272,27,283
722,41,4,52
723,518,52,529
724,158,16,169
725,18,2,29
726,98,10,109
727,436,44,447
728,11,1,22
729,98,10,109
730,-8,0,3
731,121,12,132
732,21,2,32
733,198,20,209
734,208,21,219
735,81,8,92
736,358,36,369
737,168,17,179
738,58,6,69
739,357,36,368
740,171,17,182
741,10,1,21
742,517,52,528
743,401,40,412
744,381,38,392
745,38,4,49
746,261,26,272
747,51,5,62
748,51,5,62
749,191,19,202
750,21,2,32
751,11,1,22
752,246,25,257
753,71,7,82
754,48,5,59
755,48,5,59
756,-5,0,6
757,11,1,22
758,81,8,92
759,217,22,228
760,-5,0,6
761,41,4,52
762,11,1,22
763,1,0,12
764,11,1,22
765,41,4,52
766,-5,0,6
767,68,7,79
768,162,16,173
769,97,10,108
770,58,6,69
771,131,13,142
772,11,1,22
773,1,0,12
774,41,4,52
775,531,53,542
776,60,6,71
777,1,0,12
778,31,3,42
779,21,2,32
780,1,0,12
781,31,3,42
782,9,1,20
783,6,1,17
784,196,20,207
785,141,14,152
786,211,21,222
787,741,74,752
788,-8,0,3
789,601,60,612
790,441,44,452
791,671,67,682
792,371,37,382
793,153,16,164
794,333,34,344
795,81,8,92
796,46,5,57
797,81,8,92
798,641,64,652
799,11,1,22
800,321,32,332
801,396,40,407
802,91,9,102
803,601,60,612
804,41,4,52
805,101,10,112
806,151,15,162
807,201,20,212
808,141,14,152
809,91,9,102
810,11,1,22
811,41,4,52
812,391,39,402
813,459,46,470
814,571,57,582
815,119,12,130
816,403,41,414
817,23,3,34
818,178,18,189
819,231,23,242
820,151,15,162
821,181,18,192
822,81,8,92
823,341,34,352
824,543,55,554
825,94,10,105
826,85,9,96
827,51,5,62
828,9,1,20
829,81,8,92
830,17,2,28
831,176,18,187
832,119,12,130
833,66,7,77
834,161,16,172
835,16,2,27
836,76,8,87
837,290,29,301
838,213,22,224
839,19,2,30
840,22,2,33
841,881,88,892
842,311,31,322
843,131,13,142
844,41,4,52
845,81,8,92
846,11,1,22
847,61,6,72
848,41,4,52
849,11,1,22
850,11,1,22
851,11,1,22
852,172,17,183
853,21,2,32
854,59,6,70
855,14,2,25
856,82,8,93
857,191,19,202
858,22,2,33
859,2,0,13
860,5,1,16
861,62,6,73
862,62,6,73
863,31,3,42
864,131,13,142
865,661,66,672
866,312,31,323
867,2,0,13
868,1,0,12
869,1071,107,1082
870,1,0,12
871,255,26,266
872,325,33,336
873,261,26,272
874,71,7,82
875,-5,0,6
876,46,5,57
877,1576,158,1587
878,571,57,582
879,396,40,407
880,314,32,325
881,751,75,762
882,111,11,122
883,191,19,202
884,611,61,622
885,81,8,92
886,171,17,182
887,151,15,162
888,11,1,22
889,641,64,652
890,161,16,172
891,571,57,582
892,211,21,222
893,483,49,494
894,91,9,102
895,21,2,32
896,51,5,62
897,1,0,12
898,41,4,52
899,111,11,122
900,51,5,62
901,1,0,12
902,151,15,162
903,301,30,312
904,1286,129,1297
905,74,8,85
906,1061,106,1072
907,41,4,52
908,1301,130,1312
909,258,26,269
910,204,21,215
911,833,84,844
912,2,0,13
913,222,22,233
914,911,91,922
915,72,7,83
916,6,1,17
917,428,43,439
918,78,8,89
919,242,24,253
920,46,5,57
921,51,5,62
922,1,0,12
923,1,0,12
924,31,3,42
925,241,24,252
926,521,52,532
927,124,13,135
928,201,20,212
929,161,16,172
930,24,3,35
931,91,9,102
932,51,5,62
933,541,54,552
934,338,34,349
935,346,35,357
936,391,39,402
937,387,39,398
938,376,38,387
939,238,24,249
940,56,6,67
941,403,41,414
942,1701,170,1712
943,241,24,252
944,4,1,15
945,51,5,62
946,294,30,305
947,421,42,432
948,51,5,62
949,281,28,292
950,218,22,229
951,71,7,82
952,91,9,102
953,2,0,13
954,31,3,42
955,47,5,58
956,21,2,32
957,101,10,112
958,11,1,22
959,31,3,42
960,41,4,52
961,10,1,21
962,91,9,102
963,34,4,45
964,71,7,82
965,121,12,132
966,1,0,12
967,18,2,29
968,41,4,52
969,14,2,25
970,81,8,92
971,73,8,84
972,66,7,77
973,344,35,355
974,713,72,724
975,151,15,162
976,121,12,132
977,523,53,534
978,131,13,142
979,643,65,654
980,83,9,94
981,111,11,122
982,506,51,517
983,906,91,917
984,11,1,22
985,1011,101,1022
986,101,10,112
987,291,29,302
988,31,3,42
989,383,39,394
990,231,23,242
991,11,1,22
992,243,25,254
993,432,43,443
994,1563,157,1574
995,661,66,672
996,1923,193,1934
997,82,8,93
998,202,20,213
999,2,0,13
1000,143,15,154
1001,32,3,43
1002,471,47,482
1003,1019,102,1030
1004,1221,122,1232
1005,181,18,192
1006,51,5,62
1007,301,30,312
1008,891,89,902
1009,11,1,22
1010,1471,147,1482
1011,11,1,22
1012,201,20,212
1013,43,5,54
1014,401,40,412
1015,19,2,30
1016,55,6,66
1017,78,8,89
1018,-2,0,9
1019,484,49,495
1020,21,2,32
1021,421,42,432
1022,1092,109,1103
1023,315,32,326
1024,61,6,72
1025,722,72,733
1026,171,17,182
1027,401,40,412
1028,511,51,522
1029,232,23,243
1030,111,11,122
1031,11,1,22
1032,351,35,362
1033,136,14,147
1034,781,78,792
1035,281,28,292
1036,130,13,141
1037,411,41,422
1038,32,3,43
1039,2,0,13
1040,461,46,472
1041,271,27,282
1042,222,22,233
1043,358,36,369
1044,281,28,292
1045,9,1,20
1046,8,1,19
1047,41,4,52
1048,721,72,732
1049,43,5,54
1050,31,3,42
1051,121,12,132
1052,21,2,32
1053,1,0,12
1054,31,3,42
1055,1,0,12
1056,1,0,12
1057,261,26,272
1058,161,16,172
1059,221,22,232
1060,16,2,27
1061,81,8,92
1062,246,25,257
1063,201,20,212
1064,55,6,66
1065,3,1,14
1066,91,9,102
1067,143,15,154
1068,101,10,112
1069,113,12,124
1070,41,4,52
1071,31,3,42
1072,111,11,122
1073,31,3,42
1074,31,3,42
1075,21,2,32
1076,71,7,82
1077,21,2,32
1078,71,7,82
1079,631,63,642
1080,796,80,807
1081,326,33,337
1082,50,5,61
1083,38,4,49
1084,811,81,822
1085,692,69,703
1086,43,5,54
1087,62,6,73
1088,72,7,83
1089,1513,152,1524
1090,103,11,114
1091,3,1,14
1092,231,23,242
1093,203,21,214
1094,32,3,43
1095,22,2,33
1096,569,57,580
1097,101,10,112
1098,142,14,153
1099,12,1,23
1100,8,1,19
1101,11,1,22
1102,59,6,70
1103,358,36,369
1104,38,4,49
1105,11,1,22
1106,715,72,726
1107,55,6,66
1108,5,1,16
1109,153,16,164
1110,93,10,104
1111,481,48,492
1112,480,48,491
1113,391,39,402
1114,201,20,212
1115,241,24,252
1116,371,37,382
1117,371,37,382
1118,11,1,22
1119,841,84,852
1120,1012,101,1023
1121,262,26,273
1122,281,28,292
1123,351,35,362
1124,41,4,52
1125,804,81,815
1126,192,19,203
1127,121,12,132
1128,91,9,102
1129,9,1,20
1130,109,11,120
1131,201,20,212
1132,311,31,322
1133,-6,0,5
1134,-6,0,5
1135,324,33,335
1136,213,22,224
1137,51,5,62
1138,45,5,56
1139,45,5,56
1140,535,54,546
1141,36,4,47
1142,25,3,36
1143,131,13,142
1144,15,2,26
1145,91,9,102
1146,171,17,182
1147,2,0,13
1148,851,85,862
1149,112,11,123
1150,1,0,12
1151,42,4,53
1152,31,3,42
1153,11,1,22
1154,1,0,12
1155,11,1,22
1156,86,9,97
1157,61,6,72
1158,43,5,54
1159,141,14,152
1160,12,1,23
1161,206,21,217
1162,12,1,23
1163,286,29,297
1164,86,9,97
1165,36,4,47
1166,1432,143,1443
1167,308,31,319
1168,372,37,383
1169,2,0,13
1170,3,1,14
1171,31,3,42
1172,3,1,14
1173,122,12,133
1174,73,8,84
1175,78,8,89
1176,311,31,322
1177,31,3,42
1178,1,0,12
1179,154,16,165
1180,363,37,374
1181,1051,105,1062
1182,181,18,192
1183,351,35,362
1184,274,28,285
1185,311,31,322
1186,21,2,32
1187,1,0,12
1188,1,0,12
1189,128,13,139
1190,311,31,322
1191,31,3,42
1192,341,34,352
1193,98,10,109
1194,301,30,312
1195,88,9,99
1196,331,33,342
1197,130,13,141
1198,254,26,265
1199,89,9,100
1200,151,15,162
1201,104,11,115
1202,133,14,144
1203,549,55,560
1204,124,13,135
1205,134,14,145
1206,784,79,795
1207,74,8,85
1208,553,56,564
1209,115,12,126
1210,271,27,282
1211,418,42,429
1212,448,45,459
1213,298,30,309
1214,-6,0,5
1215,701,70,712
1216,131,13,142
1217,331,33,342
1218,183,19,194
1219,381,38,392
1220,933,94,944
1221,91,9,102
1222,21,2,32
1223,91,9,102
1224,86,9,97
1225,106,11,117
1226,33,4,44
1227,321,32,332
1228,338,34,349
1229,41,4,52
1230,66,7,77
1231,88,9,99
1232,41,4,52
1233,8,1,19
1234,185,19,196
1235,-2,0,9
1236,122,12,133
1237,48,5,59
1238,49,5,60
1239,622,62,633
1240,296,30,307
1241,141,14,152
1242,1,0,12
1243,105,11,116
1244,-6,0,5
1245,93,10,104
1246,-2,0,9
1247,63,7,74
1248,535,54,546
1249,326,33,337
1250,401,40,412
1251,246,25,257
1252,86,9,97
1253,281,28,292
1254,62,6,73
1255,916,92,927
1256,211,21,222
1257,1746,175,1757
1258,81,8,92
1259,46,5,57
1260,51,5,62
1261,53,6,64
1262,2272,227,2283
1263,41,4,52
1264,203,21,214
1265,3,1,14
1266,51,5,62
1267,61,6,72
1268,355,36,366
1269,146,15,157
1270,46,5,57
1271,91,9,102
1272,51,5,62
1273,563,57,574
1274,283,29,294
1275,71,7,82
1276,1,0,12
1277,263,27,274
1278,8,1,19
1279,806,81,817
1280,224,23,235
1281,89,9,100
1282,521,52,532
1283,441,44,452
1284,36,4,47
1285,61,6,72
1286,56,6,67
1287,666,67,677
1288,276,28,287
1289,248,25,259
1290,31,3,42
1291,1,0,12
1292,38,4,49
1293,101,10,112
1294,1,0,12
1295,151,15,162
1296,724,73,735
1297,651,65,662
1298,101,10,112
1299,91,9,102
1300,424,43,435
1301,974,98,985
1302,41,4,52
1303,321,32,332
1304,561,56,572
1305,187,19,198
1306,767,77,778
1307,77,8,88
1308,129,13,140
1309,1,0,12
1310,11,1,22
1311,11,1,22
1312,81,8,92
1313,311,31,322
1314,21,2,32
1315,101,10,112
1316,301,30,312
1317,5,1,16
1318,301,30,312
1319,211,21,222
1320,131,13,142
1321,21,2,32
1322,111,11,122
1323,41,4,52
1324,31,3,42
1325,21,2,32
1326,311,31,322
1327,5,1,16
1328,331,33,342
1329,81,8,92
1330,11,1,22
1331,1,0,12
1332,51,5,62
1333,427,43,438
1334,521,52,532
1335,551,55,562
1336,1,0,12
1337,966,97,977
1338,541,54,552
1339,96,10,107
1340,701,70,712
1341,865,87,876
1342,215,22,226
1343,-6,0,5
1344,342,34,353
1345,48,5,59
1346,61,6,72
1347,98,10,109
1348,65,7,76
1349,262,26,273
1350,72,7,83
1351,111,11,122
1352,159,16,170
1353,61,6,72
1354,90,9,101
1355,851,85,862
1356,178,18,189
1357,212,21,223
1358,341,34,352
1359,170,17,181
1360,83,9,94
1361,2,0,13
1362,271,27,282
1363,71,7,82
1364,11,1,22
1365,151,15,162
1366,266,27,277
1367,286,29,297
1368,13,2,24
1369,121,12,132
1370,441,44,452
1371,111,11,122
1372,117,12,128
1373,551,55,562
1374,1,0,12
1375,61,6,72
1376,11,1,22
1377,331,33,342
1378,71,7,82
1379,292,29,303
1380,961,96,972
1381,81,8,92
1382,0,0,11
1383,11,1,22
1384,721,72,732
1385,52,5,63
1386,92,9,103
1387,22,2,33
1388,226,23,237
1389,77,8,88
1390,221,22,232
1391,1,0,12
1392,758,76,769
1393,476,48,487
1394,171,17,182
1395,51,5,62
1396,101,10,112
1397,146,15,157
1398,746,75,757
1399,982,98,993
1400,32,3,43
1401,91,9,102
1402,61,6,72
1403,831,83,842
1404,78,8,89
1405,76,8,87
1406,606,61,617
1407,1102,110,1113
1408,215,22,226
1409,125,13,136
1410,2,0,13
1411,203,21,214
1412,12,1,23
1413,578,58,589
1414,474,48,485
1415,60,6,71
1416,771,77,782
1417,144,15,155
1418,1,0,12
1419,74,8,85
1420,144,15,155
1421,91,9,102
1422,271,27,282
1423,21,2,32
1424,1,0,12
1425,11,1,22
1426,1,0,12
1427,101,10,112
1428,21,2,32
1429,90,9,101
1430,31,3,42
1431,161,16,172
1432,61,6,72
1433,31,3,42
1434,106,11,117
1435,-4,0,7
1436,46,5,57
1437,5,1,16
1438,271,27,282
1439,91,9,102
1440,181,18,192
1441,31,3,42
1442,483,49,494
1443,263,27,274
1444,21,2,32
1445,183,19,194
1446,57,6,68
1447,91,9,102
1448,118,12,129
1449,361,36,372
1450,771,77,782
1451,371,37,382
1452,81,8,92
1453,131,13,142
1454,225,23,236
1455,118,12,129
1456,1111,111,1122
1457,1211,121,1222
1458,14,2,25
1459,11,1,22
1460,431,43,442
1461,191,19,202
1462,661,66,672
1463,207,21,218
1464,11,1,22
1465,235,24,246
1466,415,42,426
1467,278,28,289
1468,315,32,326
1469,245,25,256
1470,401,40,412
1471,71,7,82
1472,133,14,144
1473,381,38,392
1474,337,34,348
1475,147,15,158
1476,1161,116,1172
1477,53,6,64
1478,361,36,372
1479,61,6,72
1480,327,33,338
1481,86,9,97
1482,15,2,26
1483,281,28,292
1484,781,78,792
1485,31,3,42
1486,61,6,72
1487,450,45,461
1488,1,0,12
1489,1,0,12
1490,217,22,228
1491,211,21,222
1492,67,7,78
1493,571,57,582
1494,71,7,82
1495,61,6,72
1496,171,17,182
1497,56,6,67
1498,34,4,45
1499,344,35,355
1500,361,36,372
1501,21,2,32
1502,-5,0,6
1503,56,6,67
1504,281,28,292
1505,181,18,192
1506,971,97,982
1507,431,43,442
1508,172,17,183
1509,412,41,423
1510,12,1,23
1511,141,14,152
1512,358,36,369
1513,81,8,92
1514,21,2,32
1515,1,0,12
1516,21,2,32
1517,191,19,202
1518,11,1,22
1519,46,5,57
1520,31,3,42
1521,6,1,17
1522,81,8,92
1523,551,55,562
1524,-6,0,5
1525,284,29,295
1526,231,23,242
1527,261,26,272
1528,21,2,32
1529,381,38,392
1530,67,7,78
1531,837,84,848
1532,467,47,478
1533,187,19,198
1534,61,6,72
1535,127,13,138
1536,791,79,802
1537,331,33,342
1538,601,60,612
1539,673,68,684
1540,97,10,108
1541,-3,0,8
1542,253,26,264
1543,183,19,194
1544,1,0,12
1545,94,10,105
1546,195,20,206
1547,185,19,196
1548,181,18,192
1549,24,3,35
1550,343,35,354
1551,43,5,54
1552,113,12,124
1553,63,7,74
1554,151,15,162
1555,45,5,56
1556,684,69,695
1557,448,45,459
1558,181,18,192
1559,475,48,486
1560,765,77,776
1561,35,4,46
1562,383,39,394
1563,101,10,112
1564,123,13,134
1565,11,1,22
1566,381,38,392
1567,34,4,45
1568,1311,131,1322
1569,11,1,22
1570,88,9,99
1571,189,19,200
1572,268,27,279
1573,1451,145,1462
1574,66,7,77
1575,11,1,22
1576,0,0,11
1577,141,14,152
1578,81,8,92
1579,367,37,378
1580,131,13,142
1581,271,27,282
1582,161,16,172
1583,91,9,102
1584,162,16,173
1585,81,8,92
1586,261,26,272
1587,201,20,212
1588,311,31,322
1589,101,10,112
1590,91,9,102
1591,333,34,344
1592,481,48,492
1593,73,8,84
1594,63,7,74
1595,201,20,212
1596,271,27,282
1597,81,8,92
1598,31,3,42
1599,111,11,122
1600,1021,102,1032
1601,346,35,357
1602,608,61,619
1603,271,27,282
1604,359,36,370
1605,229,23,240
1606,261,26,272
1607,701,70,712
1608,2,0,13
1609,218,22,229
1610,605,61,616
1611,102,10,113
1612,56,6,67
1613,121,12,132
1614,1,0,12
1615,36,4,47
1616,33,4,44
1617,162,16,173
1618,22,2,33
1619,33,4,44
1620,52,5,63
1621,137,14,148
1622,1381,138,1392
1623,0,0,11
1624,541,54,552
1625,278,28,289
1626,36,4,47
1627,201,20,212
1628,511,51,522
1629,591,59,602
1630,21,2,32
1631,31,3,42
1632,41,4,52
1633,6,1,17
1634,1,0,12
1635,221,22,232
1636,51,5,62
1637,91,9,102
1638,231,23,242
1639,531,53,542
1640,211,21,222
1641,391,39,402
1642,261,26,272
1643,1952,195,1963
1644,211,21,222
1645,41,4,52
1646,95,10,106
1647,196,20,207
1648,716,72,727
1649,4,1,15
1650,81,8,92
1651,130,13,141
1652,11,1,22
1653,62,6,73
1654,51,5,62
1655,12,1,23
1656,22,2,33
1657,191,19,202
1658,21,2,32
1659,781,78,792
1660,651,65,662
1661,191,19,202
1662,11,1,22
1663,61,6,72
1664,31,3,42
1665,11,1,22
1666,1,0,12
1667,304,31,315
1668,23,3,34
1669,91,9,102
1670,45,5,56
1671,11,1,22
1672,13,2,24
1673,283,29,294
1674,125,13,136
1675,-6,0,5
1676,1761,176,1772
1677,394,40,405
1678,22,2,33
1679,482,48,493
1680,361,36,372
1681,169,17,180
1682,105,11,116
1683,24,3,35
1684,71,7,82
1685,12,1,23
1686,2,0,13
1687,271,27,282
1688,285,29,296
1689,971,97,982
1690,1054,106,1065
1691,401,40,412
1692,96,10,107
1693,16,2,27
1694,111,11,122
1695,891,89,902
1696,183,19,194
1697,113,12,124
1698,223,23,234
1699,213,22,224
1700,230,23,241
1701,561,56,572
1702,178,18,189
1703,58,6,69
1704,421,42,432
1705,329,33,340
1706,751,75,762
1707,181,18,192
1708,-1,0,10
1709,132,13,143
1710,581,58,592
1711,1391,139,1402
1712,321,32,332
1713,365,37,376
1714,21,2,32
1715,1,0,12
1716,381,38,392
1717,85,9,96
1718,1401,140,1412
1719,131,13,142
1720,51,5,62
1721,11,1,22
1722,11,1,22
1723,151,15,162
1724,61,6,72
1725,51,5,62
1726,31,3,42
1727,41,4,52
1728,11,1,22
1729,1,0,12
1730,1,0,12
1731,51,5,62
1732,391,39,402
1733,207,21,218
1734,67,7,78
1735,54,6,65
1736,132,13,143
1737,23,3,34
1738,69,7,80
1739,22,2,33
1740,47,5,58
1741,42,4,53
1742,41,4,52
1743,131,13,142
1744,241,24,252
1745,192,19,203
1746,11,1,22
1747,391,39,402
1748,1,0,12
1749,34,4,45
1750,631,63,642
1751,309,31,320
1752,191,19,202
1753,101,10,112
1754,294,30,305
1755,499,50,510
1756,351,35,362
1757,1981,198,1992
1758,11,1,22
1759,11,1,22
1760,41,4,52
1761,351,35,362
1762,255,26,266
1763,519,52,530
1764,24,3,35
1765,150,15,161
1766,200,20,211
1767,211,21,222
1768,169,17,180
1769,276,28,287
1770,471,47,482
1771,6,1,17
1772,731,73,742
1773,2661,266,2672
1774,201,20,212
1775,1351,135,1362
1776,1061,106,1072
1777,21,2,32
1778,1,0,12
1779,31,3,42
1780,31,3,42
1781,181,18,192
1782,62,6,73
1783,11,1,22
1784,381,38,392
1785,11,1,22
1786,31,3,42
1787,138,14,149
1788,91,9,102
1789,45,5,56
1790,25,3,36
1791,1,0,12
1792,11,1,22
1793,41,4,52
1794,1,0,12
1795,71,7,82
1796,1,0,12
1797,21,2,32
1798,21,2,32
1799,21,2,32
1800,81,8,92
1801,71,7,82
1802,51,5,62
1803,21,2,32
1804,211,21,222
1805,250,25,261
1806,765,77,776
1807,151,15,162
1808,31,3,42
1809,31,3,42
1810,1,0,12
1811,21,2,32
1812,279,28,290
1813,159,16,170
1814,31,3,42
1815,821,82,832
1816,171,17,182
1817,505,51,516
1818,21,2,32
1819,431,43,442
1820,846,85,857
1821,21,2,32
1822,311,31,322
1823,61,6,72
1824,84,9,95
1825,1539,154,1550
1826,1381,138,1392
1827,381,38,392
1828,111,11,122
1829,384,39,395
1830,1133,114,1144
1831,365,37,376
1832,331,33,342
1833,39,4,50
1834,471,47,482
1835,111,11,122
1836,31,3,42
1837,216,22,227
1838,21,2,32
1839,1,0,12
1840,21,2,32
1841,61,6,72
1842,11,1,22
1843,81,8,92
1844,241,24,252
1845,274,28,285
1846,76,8,87
1847,3,1,14
1848,121,12,132
1849,81,8,92
1850,761,76,772
1851,131,13,142
1852,551,55,562
1853,292,29,303
1854,181,18,192
1855,183,19,194
1856,701,70,712
1857,11,1,22
1858,21,2,32
1859,21,2,32
1860,172,17,183
1861,8,1,19
1862,1155,116,1166
1863,611,61,622
1864,494,50,505
1865,19,2,30
1866,196,20,207
1867,268,27,279
1868,144,15,155
1869,169,17,180
1870,18,2,29
1871,268,27,279
1872,421,42,432
1873,75,8,86
1874,78,8,89
1875,88,9,99
1876,42,4,53
1877,91,9,102
1878,3,1,14
1879,72,7,83
1880,12,1,23
1881,906,91,917
1882,615,62,626
1883,1119,112,1130
1884,823,83,834
1885,513,52,524
1886,294,30,305
1887,881,88,892
1888,705,71,716
1889,225,23,236
1890,271,27,282
1891,282,28,293
1892,241,24,252
1893,7,1,18
1894,1082,108,1093
1895,1031,103,1042
1896,163,17,174
1897,151,15,162
1898,441,44,452
1899,32,3,43
1900,111,11,122
1901,1871,187,1882
1902,205,21,216
1903,181,18,192
1904,71,7,82
1905,311,31,322
1906,171,17,182
1907,71,7,82
1908,51,5,62
1909,231,23,242
1910,789,79,800
1911,196,20,207
1912,191,19,202
1913,1061,106,1072
1914,826,83,837
1915,86,9,97
1916,554,56,565
1917,193,20,204
1918,19,2,30
1919,191,19,202
1920,306,31,317
1921,391,39,402
1922,319,32,330
1923,161,16,172
1924,121,12,132
1925,101,10,112
1926,323,33,334
1927,76,8,87
1928,681,68,692
1929,101,10,112
1930,137,14,148
1931,6,1,17
1932,631,63,642
1933,1012,101,1023
1934,125,13,136
1935,163,17,174
1936,2,0,13
1937,3,1,14
1938,511,51,522
1939,11,1,22
1940,232,23,243
1941,901,90,912
1942,201,20,212
1943,141,14,152
1944,61,6,72
1945,84,9,95
1946,227,23,238
1947,17,2,28
1948,1112,111,1123
1949,3,1,14
1950,133,14,144
1951,12,1,23
1952,521,52,532
1953,92,9,103
1954,159,16,170
1955,1,0,12
1956,67,7,78
1957,12,1,23
1958,160,16,171
1959,154,16,165
1960,141,14,152
1961,406,41,417
1962,-4,0,7
1963,211,21,222
1964,134,14,145
1965,44,5,55
1966,234,24,245
1967,-6,0,5
1968,101,10,112
1969,281,28,292
1970,11,1,22
1971,1,0,12
1972,31,3,42
1973,41,4,52
1974,21,2,32
1975,31,3,42
1976,91,9,102
1977,51,5,62
1978,41,4,52
1979,46,5,57
1980,141,14,152
1981,11,1,22
1982,-6,0,5
1983,11,1,22
1984,-4,0,7
1985,131,13,142
1986,211,21,222
1987,71,7,82
1988,221,22,232
1989,61,6,72
1990,21,2,32
1991,51,5,62
1992,71,7,82
1993,231,23,242
1994,55,6,66
1995,361,36,372
1996,121,12,132
1997,255,26,266
1998,215,22,226
1999,1301,130,1312
2000,134,14,145
2001,11,1,22
2002,34,4,45
2003,41,4,52
2004,226,23,237
2005,671,67,682
2006,441,44,452
2007,101,10,112
2008,1,0,12
2009,211,21,222
2010,1,0,12
2011,247,25,258
2012,438,44,449
2013,1161,116,1172
2014,51,5,62
2015,197,20,208
2016,31,3,42
2017,21,2,32
2018,651,65,662
2019,1099,110,1110
2020,97,10,108
2021,411,41,422
2022,659,66,670
2023,1395,140,1406
2024,1221,122,1232
2025,51,5,62
2026,71,7,82
2027,1051,105,1062
2028,281,28,292
2029,50,5,61
2030,811,81,822
2031,1141,114,1152
2032,187,19,198
2033,601,60,612
2034,213,22,224
2035,137,14,148
2036,120,12,131
2037,177,18,188
2038,642,64,653
2039,37,4,48
2040,11,1,22
2041,26,3,37
2042,-5,0,6
2043,41,4,52
2044,392,39,403
2045,1614,162,1625
2046,451,45,462
2047,1,0,12
2048,1,0,12
2049,1,0,12
2050,173,18,184
2051,191,19,202
2052,116,12,127
2053,569,57,580
2054,71,7,82
2055,839,84,850
2056,43,5,54
2057,173,18,184
2058,122,12,133
2059,142,14,153
2060,331,33,342
2061,161,16,172
2062,11,1,22
2063,1301,130,1312
2064,562,56,573
2065,661,66,672
2066,731,73,742
2067,271,27,282
2068,131,13,142
2069,239,24,250
2070,209,21,220
2071,0,0,11
2072,209,21,220
2073,421,42,432
2074,-4,0,7
2075,258,26,269
2076,204,21,215
2077,91,9,102
2078,821,82,832
2079,179,18,190
2080,79,8,90
2081,141,14,152
2082,561,56,572
2083,1,0,12
2084,11,1,22
2085,1,0,12
2086,1,0,12
2087,31,3,42
2088,188,19,199
2089,306,31,317
2090,74,8,85
2091,636,64,647
2092,240,24,251
2093,581,58,592
2094,21,2,32
2095,5,1,16
2096,228,23,239
2097,506,51,517
2098,666,67,677
2099,63,7,74
2100,13,2,24
2101,676,68,687
2102,236,24,247
2103,36,4,47
2104,93,10,104
2105,5,1,16
2106,171,17,182
2107,111,11,122
2108,371,37,382
2109,53,6,64
2110,116,12,127
2111,33,4,44
2112,161,16,172
2113,253,26,264
2114,464,47,475
2115,324,33,335
2116,341,34,352
2117,391,39,402
2118,1,0,12
2119,647,65,658
2120,46,5,57
2121,72,7,83
2122,99,10,110
2123,131,13,142
2124,11,1,22
2125,451,45,462
2126,0,0,11
2127,645,65,656
2128,351,35,362
2129,78,8,89
2130,153,16,164
2131,411,41,422
2132,442,44,453
2133,163,17,174
2134,309,31,320
2135,608,61,619
2136,52,5,63
2137,39,4,50
2138,178,18,189
2139,256,26,267
2140,576,58,587
2141,211,21,222
2142,311,31,322
2143,-3,0,8
2144,86,9,97
2145,71,7,82
2146,401,40,412
2147,291,29,302
2148,696,70,707
2149,606,61,617
2150,1811,181,1822
2151,331,33,342
2152,331,33,342
2153,298,30,309
2154,40,4,51
2155,28,3,39
2156,36,4,47
2157,1,0,12
2158,751,75,762
2159,851,85,862
2160,16,2,27
2161,158,16,169
2162,498,50,509
2163,81,8,92
2164,747,75,758
2165,198,20,209
2166,991,99,1002
2167,286,29,297
2168,-2,0,9
2169,281,28,292
2170,428,43,439
2171,204,21,215
2172,281,28,292
2173,74,8,85
2174,-2,0,9
2175,301,30,312
2176,442,44,453
2177,1042,104,1053
2178,22,2,33
2179,261,26,272
2180,42,4,53
2181,82,8,93
2182,63,7,74
2183,11,1,22
2184,42,4,53
2185,82,8,93
2186,103,11,114
2187,52,5,63
2188,2,0,13
2189,613,62,624
2190,34,4,45
2191,192,19,203
2192,61,6,72
2193,82,8,93
2194,101,10,112
2195,123,13,134
2196,302,30,313
2197,33,4,44
2198,102,10,113
2199,1189,119,1200
2200,1641,164,1652
2201,815,82,826
2202,11,1,22
2203,141,14,152
2204,262,26,273
2205,801,80,812
2206,129,13,140
2207,328,33,339
2208,1,0,12
2209,381,38,392
2210,1112,111,1123
2211,351,35,362
2212,101,10,112
2213,121,12,132
2214,31,3,42
2215,111,11,122
2216,53,6,64
2217,291,29,302
2218,51,5,62
2219,31,3,42
2220,396,40,407
2221,1,0,12
2222,239,24,250
2223,76,8,87
2224,61,6,72
2225,52,5,63
2226,-7,0,4
2227,41,4,52
2228,31,3,42
2229,849,85,860
2230,372,37,383
2231,141,14,152
2232,361,36,372
2233,391,39,402
2234,211,21,222
2235,11,1,22
2236,1,0,12
2237,111,11,122
2238,31,3,42
2239,3,1,14
2240,121,12,132
2241,21,2,32
2242,3,1,14
2243,172,17,183
2244,23,3,34
2245,23,3,34
2246,49,5,60
2247,-4,0,7
2248,71,7,82
2249,31,3,42
2250,1137,114,1148
2251,11,1,22
2252,41,4,52
2253,81,8,92
2254,-8,0,3
2255,191,19,202
2256,221,22,232
2257,435,44,446
2258,477,48,488
2259,181,18,192
2260,185,19,196
2261,191,19,202
2262,61,6,72
2263,165,17,176
2264,21,2,32
2265,91,9,102
2266,91,9,102
2267,69,7,80
2268,-6,0,5
2269,271,27,282
2270,96,10,107
2271,81,8,92
2272,138,14,149
2273,136,14,147
2274,181,18,192
2275,11,1,22
2276,1,0,12
2277,11,1,22
2278,41,4,52
2279,-4,0,7
2280,91,9,102
2281,44,5,55
2282,1,0,12
2283,468,47,479
2284,155,16,166
2285,111,11,122
2286,251,25,262
2287,36,4,47
2288,6,1,17
2289,319,32,330
2290,152,15,163
2291,91,9,102
2292,320,32,331
2293,51,5,62
2294,13,2,24
2295,12,1,23
2296,23,3,34
2297,201,20,212
2298,134,14,145
2299,144,15,155
2300,17,2,28
2301,21,2,32
2302,1064,107,1075
2303,18,2,29
2304,194,20,205
2305,144,15,155
2306,56,6,67
2307,364,37,375
2308,161,16,172
2309,13,2,24
2310,18,2,29
2311,303,31,314
2312,83,9,94
2313,3,1,14
2314,141,14,152
2315,57,6,68
2316,31,3,42
2317,1,0,12
2318,5,1,16
2319,718,72,729
2320,714,72,725
2321,81,8,92
2322,194,20,205
2323,524,53,535
2324,41,4,52
2325,64,7,75
2326,86,9,97
2327,318,32,329
2328,501,50,512
2329,11,1,22
2330,31,3,42
2331,31,3,42
2332,21,2,32
2333,-8,0,3
2334,1,0,12
2335,11,1,22
2336,108,11,119
2337,320,32,331
2338,11,1,22
2339,923,93,934
2340,123,13,134
2341,7,1,18
2342,58,6,69
2343,251,25,262
2344,98,10,109
2345,231,23,242
2346,658,66,669
2347,68,7,79
2348,98,10,109
2349,21,2,32
2350,21,2,32
2351,1,0,12
2352,248,25,259
2353,60,6,71
2354,491,49,502
2355,501,50,512
2356,221,22,232
2357,71,7,82
2358,1241,124,1252
2359,191,19,202
2360,111,11,122
2361,31,3,42
2362,141,14,152
2363,111,11,122
2364,19,2,30
2365,371,37,382
2366,71,7,82
2367,621,62,632
2368,446,45,457
2369,181,18,192
2370,51,5,62
2371,101,10,112
2372,604,61,615
2373,31,3,42
2374,416,42,427
2375,761,76,772
2376,91,9,102
2377,14,2,25
2378,302,30,313
2379,111,11,122
2380,798,80,809
2381,241,24,252
2382,1941,194,1952
2383,81,8,92
2384,631,63,642
2385,418,42,429
2386,246,25,257
2387,171,17,182
2388,785,79,796
2389,846,85,857
2390,1116,112,1127
2391,5,1,16
2392,401,40,412
2393,521,52,532
2394,392,39,403
2395,91,9,102
2396,761,76,772
2397,161,16,172
2398,185,19,196
2399,231,23,242
2400,112,11,123
2401,61,6,72
2402,116,12,127
2403,124,13,135
2404,421,42,432
2405,1,0,12
2406,1,0,12
2407,151,15,162
2408,281,28,292
2409,0,0,11
2410,181,18,192
2411,1,0,12
2412,21,2,32
2413,31,3,42
2414,1,0,12
2415,1,0,12
2416,31,3,42
2417,11,1,22
2418,1,0,12
2419,141,14,152
2420,297,30,308
2421,146,15,157
2422,41,4,52
2423,23,3,34
2424,112,11,123
2425,451,45,462
2426,221,22,232
2427,454,46,465
2428,441,44,452
2429,306,31,317
2430,81,8,92
2431,301,30,312
2432,11,1,22
2433,61,6,72
2434,201,20,212
2435,173,18,184
2436,42,4,53
2437,156,16,167
2438,176,18,187
2439,235,24,246
2440,575,58,586
2441,9,1,20
2442,62,6,73
2443,64,7,75
2444,1,0,12
2445,56,6,67
2446,36,4,47
2447,101,10,112
2448,21,2,32
2449,84,9,95
2450,98,10,109
2451,41,4,52
2452,51,5,62
2453,54,6,65
2454,11,1,22
2455,12,1,23
2456,51,5,62
2457,11,1,22
2458,41,4,52
2459,153,16,164
2460,27,3,38
2461,170,17,181
2462,61,6,72
2463,282,28,293
2464,32,3,43
2465,664,67,675
2466,63,7,74
2467,52,5,63
2468,12,1,23
2469,53,6,64
2470,2,0,13
2471,41,4,52
2472,45,5,56
2473,132,13,143
2474,32,3,43
2475,31,3,42
2476,35,4,46
2477,2771,277,2782
2478,121,12,132
2479,31,3,42
2480,11,1,22
2481,31,3,42
2482,31,3,42
2483,1,0,12
2484,41,4,52
2485,1,0,12
2486,31,3,42
2487,55,6,66
2488,693,70,704
2489,181,18,192
2490,51,5,62
2491,351,35,362
2492,37,4,48
2493,372,37,383
2494,301,30,312
2495,421,42,432
2496,126,13,137
2497,91,9,102
2498,1,0,12
2499,221,22,232
2500,21,2,32
2501,401,40,412
2502,224,23,235
2503,301,30,312
2504,111,11,122
2505,341,34,352
2506,71,7,82
2507,1,0,12
2508,11,1,22
2509,1,0,12
2510,135,14,146
2511,61,6,72
2512,155,16,166
2513,84,9,95
2514,143,15,154
2515,851,85,862
2516,371,37,382
2517,51,5,62
2518,91,9,102
2519,525,53,536
2520,11,1,22
2521,31,3,42
2522,71,7,82
2523,71,7,82
2524,279,28,290
2525,161,16,172
2526,1471,147,1482
2527,10,1,21
2528,81,8,92
2529,451,45,462
2530,1,0,12
2531,1,0,12
2532,299,30,310
2533,191,19,202
2534,431,43,442
2535,151,15,162
2536,834,84,845
2537,436,44,447
2538,191,19,202
2539,1701,170,1712
2540,231,23,242
2541,301,30,312
2542,871,87,882
2543,112,11,123
2544,12,1,23
2545,289,29,300
2546,8,1,19
2547,49,5,60
2548,321,32,332
2549,391,39,402
2550,861,86,872
2551,156,16,167
2552,23,3,34
2553,81,8,92
2554,821,82,832
2555,61,6,72
2556,251,25,262
2557,764,77,775
2558,406,41,417
2559,93,10,104
2560,371,37,382
2561,4,1,15
2562,61,6,72
2563,311,31,322
2564,200,20,211
2565,229,23,240
2566,122,12,133
2567,22,2,33
2568,22,2,33
2569,119,12,130
2570,131,13,142
2571,22,2,33
2572,52,5,63
2573,145,15,156
2574,11,1,22
2575,463,47,474
2576,601,60,612
2577,181,18,192
2578,70,7,81
2579,23,3,34
2580,12,1,23
2581,152,15,163
2582,51,5,62
2583,43,5,54
2584,2,0,13
2585,202,20,213
2586,821,82,832
2587,1781,178,1792
2588,131,13,142
2589,591,59,602
2590,441,44,452
2591,41,4,52
2592,21,2,32
2593,351,35,362
2594,578,58,589
2595,121,12,132
2596,59,6,70
2597,151,15,162
2598,121,12,132
2599,41,4,52
2600,31,3,42
2601,21,2,32
2602,131,13,142
2603,64,7,75
2604,15,2,26
2605,365,37,376
2606,211,21,222
2607,61,6,72
2608,133,14,144
2609,94,10,105
2610,631,63,642
2611,99,10,110
2612,116,12,127
2613,91,9,102
2614,51,5,62
2615,41,4,52
2616,311,31,322
2617,183,19,194
2618,43,5,54
2619,361,36,372
2620,281,28,292
2621,21,2,32
2622,561,56,572
2623,1,0,12
2624,11,1,22
2625,61,6,72
2626,11,1,22
2627,221,22,232
2628,1271,127,1282
2629,211,21,222
2630,34,4,45
2631,691,69,702
2632,401,40,412
2633,221,22,232
2634,251,25,262
2635,121,12,132
2636,81,8,92
2637,771,77,782
2638,60,6,71
2639,141,14,152
2640,121,12,132
2641,31,3,42
2642,171,17,182
2643,31,3,42
2644,1,0,12
2645,21,2,32
2646,151,15,162
2647,214,22,225
2648,384,39,395
2649,111,11,122
2650,203,21,214
2651,121,12,132
2652,681,68,692
2653,134,14,145
2654,964,97,975
2655,61,6,72
2656,1,0,12
2657,1,0,12
2658,45,5,56
2659,231,23,242
2660,71,7,82
2661,231,23,242
2662,101,10,112
2663,91,9,102
2664,114,12,125
2665,2,0,13
2666,321,32,332
2667,92,9,103
2668,351,35,362
2669,11,1,22
2670,121,12,132
2671,61,6,72
2672,701,70,712
2673,551,55,562
2674,1654,166,1665
2675,121,12,132
2676,418,42,429
2677,-4,0,7
2678,243,25,254
2679,591,59,602
2680,31,3,42
2681,165,17,176
2682,63,7,74
2683,33,4,44
2684,93,10,104
2685,23,3,34
2686,131,13,142
2687,670,67,681
2688,81,8,92
2689,121,12,132
2690,171,17,182
2691,221,22,232
2692,271,27,282
2693,11,1,22
2694,31,3,42
2695,1,0,12
2696,1,0,12
2697,31,3,42
2698,241,24,252
2699,90,9,101
2700,193,20,204
2701,85,9,96
2702,31,3,42
2703,81,8,92
2704,316,32,327
2705,91,9,102
2706,1,0,12
2707,1,0,12
2708,301,30,312
2709,1,0,12
2710,1,0,12
2711,336,34,347
2712,579,58,590
2713,59,6,70
2714,92,9,103
2715,129,13,140
2716,1431,143,1442
2717,471,47,482
2718,180,18,191
2719,481,48,492
2720,579,58,590
2721,867,87,878
2722,257,26,268
2723,338,34,349
2724,421,42,432
2725,355,36,366
2726,659,66,670
2727,1915,192,1926
2728,221,22,232
2729,621,62,632
2730,321,32,332
2731,461,46,472
2732,564,57,575
2733,221,22,232
2734,201,20,212
2735,291,29,302
2736,98,10,109
2737,41,4,52
2738,142,14,153
2739,-1,0,10
2740,9,1,20
2741,1,0,12
2742,451,45,462
2743,80,8,91
2744,235,24,246
2745,1,0,12
2746,35,4,46
2747,1,0,12
2748,11,1,22
2749,99,10,110
2750,75,8,86
2751,1142,114,1153
2752,12,1,23
2753,2,0,13
2754,161,16,172
2755,281,28,292
2756,1601,160,1612
2757,1,0,12
2758,226,23,237
2759,772,77,783
2760,707,71,718
2761,52,5,63
2762,231,23,242
2763,311,31,322
2764,82,8,93
2765,175,18,186
2766,42,4,53
2767,12,1,23
2768,151,15,162
2769,31,3,42
2770,11,1,22
2771,1,0,12
2772,121,12,132
2773,91,9,102
2774,1,0,12
2775,806,81,817
2776,421,42,432
2777,21,2,32
2778,61,6,72
2779,21,2,32
2780,21,2,32
2781,41,4,52
2782,120,12,131
2783,286,29,297
2784,26,3,37
2785,231,23,242
2786,2731,273,2742
2787,414,42,425
2788,431,43,442
2789,141,14,152
2790,237,24,248
2791,961,96,972
2792,1308,131,1319
2793,131,13,142
2794,182,18,193
2795,398,40,409
2796,730,73,741
2797,347,35,358
2798,491,49,502
2799,61,6,72
2800,291,29,302
2801,21,2,32
2802,1,0,12
2803,86,9,97
2804,321,32,332
2805,158,16,169
2806,750,75,761
2807,21,2,32
2808,1,0,12
2809,31,3,42
2810,161,16,172
2811,18,2,29
2812,521,52,532
2813,108,11,119
2814,803,81,814
2815,101,10,112
2816,108,11,119
2817,62,6,73
2818,881,88,892
2819,811,81,822
2820,158,16,169
2821,152,15,163
2822,58,6,69
2823,148,15,159
2824,381,38,392
2825,52,5,63
2826,524,53,535
2827,991,99,1002
2828,200,20,211
2829,101,10,112
2830,61,6,72
2831,228,23,239
2832,28,3,39
2833,85,9,96
2834,234,24,245
2835,380,38,391
2836,53,6,64
2837,15,2,26
2838,1121,112,1132
2839,741,74,752
2840,17,2,28
2841,657,66,668
2842,52,5,63
2843,21,2,32
2844,1157,116,1168
2845,121,12,132
2846,171,17,182
2847,81,8,92
2848,167,17,178
2849,431,43,442
2850,-6,0,5
2851,301,30,312
2852,881,88,892
2853,1211,121,1222
2854,34,4,45
2855,324,33,335
2856,1,0,12
2857,81,8,92
2858,166,17,177
2859,145,15,156
2860,41,4,52
2861,261,26,272
2862,21,2,32
2863,41,4,52
2864,32,3,43
2865,21,2,32
2866,1,0,12
2867,1,0,12
2868,11,1,22
2869,221,22,232
2870,61,6,72
2871,351,35,362
2872,11,1,22
2873,1,0,12
2874,1,0,12
2875,11,1,22
2876,1,0,12
2877,101,10,112
2878,341,34,352
2879,-5,0,6
2880,99,10,110
2881,12,1,23
2882,15,2,26
2883,63,7,74
2884,181,18,192
2885,365,37,376
2886,371,37,382
2887,15,2,26
2888,391,39,402
2889,61,6,72
2890,41,4,52
2891,121,12,132
2892,101,10,112
2893,191,19,202
2894,141,14,152
2895,87,9,98
2896,502,50,513
2897,16,2,27
2898,121,12,132
2899,71,7,82
2900,1,0,12
2901,21,2,32
2902,1,0,12
2903,2,0,13
2904,425,43,436
2905,102,10,113
2906,231,23,242
2907,282,28,293
2908,801,80,812
2909,231,23,242
2910,116,12,127
2911,1141,114,1152
2912,239,24,250
2913,27,3,38
2914,941,94,952
2915,1057,106,1068
2916,112,11,123
2917,229,23,240
2918,141,14,152
2919,190,19,201
2920,128,13,139
2921,233,24,244
2922,151,15,162
2923,171,17,182
2924,71,7,82
2925,252,25,263
2926,21,2,32
2927,651,65,662
2928,490,49,501
2929,271,27,282
2930,41,4,52
2931,44,5,55
2932,31,3,42
2933,65,7,76
2934,2,0,13
2935,104,11,115
2936,51,5,62
2937,162,16,173
2938,29,3,40
2939,1151,115,1162
2940,1,0,12
2941,756,76,767
2942,18,2,29
2943,91,9,102
2944,883,89,894
2945,113,12,124
2946,3,1,14
2947,791,79,802
2948,100,10,111
2949,314,32,325
2950,1,0,12
2951,491,49,502
2952,1656,166,1667
2953,511,51,522
2954,951,95,962
2955,411,41,422
2956,659,66,670
2957,208,21,219
2958,108,11,119
2959,31,3,42
2960,1610,161,1621
2961,381,38,392
2962,321,32,332
2963,121,12,132
2964,11,1,22
2965,1,0,12
2966,41,4,52
2967,41,4,52
2968,1,0,12
2969,61,6,72
2970,21,2,32
2971,1,0,12
2972,31,3,42
2973,21,2,32
2974,11,1,22
2975,1,0,12
2976,11,1,22
2977,537,54,548
2978,1,0,12
2979,156,16,167
2980,322,32,333
2981,445,45,456
2982,276,28,287
2983,346,35,357
2984,800,80,811
2985,131,13,142
2986,1252,125,1263
2987,61,6,72
2988,131,13,142
2989,92,9,103
2990,82,8,93
2991,41,4,52
2992,131,13,142
2993,311,31,322
2994,89,9,100
2995,579,58,590
2996,968,97,979
2997,679,68,690
2998,11,1,22
2999,193,20,204
3000,1071,107,1082
3001,283,29,294
3002,62,6,73
3003,672,67,683
3004,201,20,212
3005,141,14,152
3006,29,3,40
3007,11,1,22
3008,208,21,219
3009,161,16,172
3010,461,46,472
3011,609,61,620
3012,1081,108,1092
3013,637,64,648
3014,137,14,148
3015,704,71,715
3016,1004,101,1015
3017,761,76,772
3018,721,72,732
3019,342,34,353
3020,172,17,183
3021,100,10,111
3022,42,4,53
3023,2,0,13
3024,11,1,22
3025,31,3,42
3026,34,4,45
3027,141,14,152
3028,2,0,13
3029,101,10,112
3030,81,8,92
3031,168,17,179
3032,-3,0,8
3033,388,39,399
3034,107,11,118
3035,138,14,149
3036,548,55,559
3037,264,27,275
3038,184,19,195
3039,191,19,202
3040,1141,114,1152
3041,1621,162,1632
3042,31,3,42
3043,54,6,65
3044,1,0,12
3045,278,28,289
3046,51,5,62
3047,1338,134,1349
3048,2061,206,2072
3049,11,1,22
3050,31,3,42
3051,38,4,49
3052,578,58,589
3053,591,59,602
3054,11,1,22
3055,81,8,92
3056,141,14,152
3057,11,1,22
3058,72,7,83
3059,2081,208,2092
3060,411,41,422
3061,71,7,82
3062,11,1,22
3063,31,3,42
3064,221,22,232
3065,191,19,202
3066,4,1,15
3067,21,2,32
3068,51,5,62
3069,11,1,22
3070,121,12,132
3071,1,0,12
3072,31,3,42
3073,181,18,192
3074,-5,0,6
3075,176,18,187
3076,102,10,113
3077,191,19,202
3078,351,35,362
3079,61,6,72
3080,31,3,42
3081,31,3,42
3082,1,0,12
3083,153,16,164
3084,2,0,13
3085,61,6,72
3086,-5,0,6
3087,103,11,114
3088,122,12,133
3089,122,12,133
3090,25,3,36
3091,254,26,265
3092,161,16,172
3093,393,40,404
3094,1037,104,1048
3095,1501,150,1512
3096,81,8,92
3097,260,26,271
3098,1641,164,1652
3099,87,9,98
3100,-3,0,8
3101,795,80,806
3102,201,20,212
3103,450,45,461
3104,541,54,552
3105,31,3,42
3106,337,34,348
3107,861,86,872
3108,571,57,582
3109,161,16,172
3110,-3,0,8
3111,71,7,82
3112,611,61,622
3113,258,26,269
3114,211,21,222
3115,641,64,652
3116,551,55,562
3117,498,50,509
3118,231,23,242
3119,408,41,419
3120,51,5,62
3121,38,4,49
3122,108,11,119
3123,401,40,412
3124,1032,103,1043
3125,581,58,592
3126,181,18,192
3127,101,10,112
3128,91,9,102
3129,61,6,72
3130,41,4,52
3131,51,5,62
3132,21,2,32
3133,1,0,12
3134,1,0,12
3135,11,1,22
3136,11,1,22
3137,1,0,12
3138,90,9,101
3139,281,28,292
3140,1351,135,1362
3141,1401,140,1412
3142,68,7,79
3143,181,18,192
3144,1035,104,1046
3145,81,8,92
3146,531,53,542
3147,101,10,112
3148,1351,135,1362
3149,861,86,872
3150,31,3,42
3151,171,17,182
3152,413,42,424
3153,331,33,342
3154,1,0,12
3155,31,3,42
3156,421,42,432
3157,427,43,438
3158,1681,168,1692
3159,141,14,152
3160,281,28,292
3161,151,15,162
3162,148,15,159
3163,554,56,565
3164,3,1,14
3165,23,3,34
3166,153,16,164
3167,36,4,47
3168,193,20,204
3169,104,11,115
3170,11,1,22
3171,185,19,196
3172,36,4,47
3173,131,13,142
3174,1,0,12
3175,61,6,72
3176,241,24,252
3177,68,7,79
3178,1,0,12
3179,51,5,62
3180,8,1,19
3181,61,6,72
3182,6,1,17
3183,91,9,102
3184,36,4,47
3185,1,0,12
3186,61,6,72
3187,41,4,52
3188,438,44,449
3189,285,29,296
3190,75,8,86
3191,12,1,23
3192,31,3,42
3193,81,8,92
3194,761,76,772
3195,169,17,180
3196,31,3,42
3197,71,7,82
3198,332,33,343
3199,2021,202,2032
3200,181,18,192
3201,121,12,132
3202,286,29,297
3203,661,66,672
3204,2791,279,2802
3205,206,21,217
3206,103,11,114
3207,1,0,12
3208,-6,0,5
3209,431,43,442
3210,500,50,511
3211,248,25,259
3212,128,13,139
3213,291,29,302
3214,91,9,102
3215,61,6,72
3216,61,6,72
3217,191,19,202
3218,25,3,36
3219,167,17,178
3220,615,62,626
3221,486,49,497
3222,611,61,622
3223,6,1,17
3224,331,33,342
3225,16,2,27
3226,51,5,62
3227,946,95,957
3228,101,10,112
3229,483,49,494
3230,53,6,64
3231,115,12,126
3232,75,8,86
3233,44,5,55
3234,4,1,15
3235,113,12,124
3236,93,10,104
3237,3,1,14
3238,328,33,339
3239,264,27,275
3240,216,22,227
3241,64,7,75
3242,211,21,222
3243,116,12,127
3244,186,19,197
3245,331,33,342
3246,121,12,132
3247,667,67,678
3248,1,0,12
3249,91,9,102
3250,34,4,45
3251,33,4,44
3252,31,3,42
3253,121,12,132
3254,273,28,284
3255,103,11,114
3256,359,36,370
3257,231,23,242
3258,176,18,187
3259,51,5,62
3260,329,33,340
3261,17,2,28
3262,29,3,40
3263,494,50,505
3264,201,20,212
3265,61,6,72
3266,201,20,212
3267,513,52,524
3268,42,4,53
3269,273,28,284
3270,52,5,63
3271,161,16,172
3272,321,32,332
3273,501,50,512
3274,409,41,420
3275,71,7,82
3276,31,3,42
3277,221,22,232
3278,891,89,902
3279,121,12,132
3280,1281,128,1292
3281,276,28,287
3282,528,53,539
3283,11,1,22
3284,71,7,82
3285,201,20,212
3286,253,26,264
3287,441,44,452
3288,1203,121,1214
3289,32,3,43
3290,72,7,83
3291,1191,119,1202
3292,61,6,72
3293,331,33,342
3294,18,2,29
3295,79,8,90
3296,229,23,240
3297,124,13,135
3298,119,12,130
3299,593,60,604
3300,695,70,706
3301,843,85,854
3302,19,2,30
3303,154,16,165
3304,1511,151,1522
3305,762,76,773
3306,345,35,356
3307,44,5,55
3308,494,50,505
3309,85,9,96
3310,57,6,68
3311,91,9,102
3312,53,6,64
3313,18,2,29
3314,100,10,111
3315,158,16,169
3316,81,8,92
3317,12,1,23
3318,111,11,122
3319,71,7,82
3320,1,0,12
3321,1,0,12
3322,91,9,102
3323,965,97,976
3324,571,57,582
3325,233,24,244
3326,92,9,103
3327,1,0,12
3328,129,13,140
3329,81,8,92
3330,11,1,22
3331,212,21,223
3332,196,20,207
3333,61,6,72
3334,56,6,67
3335,95,10,106
3336,202,20,213
3337,13,2,24
3338,14,2,25
3339,393,40,404
3340,21,2,32
3341,184,19,195
3342,97,10,108
3343,68,7,79
3344,21,2,32
3345,123,13,134
3346,41,4,52
3347,201,20,212
3348,71,7,82
3349,236,24,247
3350,121,12,132
3351,131,13,142
3352,21,2,32
3353,51,5,62
3354,21,2,32
3355,26,3,37
3356,91,9,102
3357,6,1,17
3358,326,33,337
3359,51,5,62
3360,42,4,53
3361,503,51,514
3362,213,22,224
3363,183,19,194
3364,52,5,63
3365,11,1,22
3366,1213,122,1224
3367,291,29,302
3368,21,2,32
3369,186,19,197
3370,8,1,19
3371,305,31,316
3372,191,19,202
3373,1451,145,1462
3374,721,72,732
3375,11,1,22
3376,1361,136,1372
3377,561,56,572
3378,339,34,350
3379,31,3,42
3380,11,1,22
3381,51,5,62
3382,482,48,493
3383,-1,0,10
3384,129,13,140
3385,57,6,68
3386,1,0,12
3387,222,22,233
3388,261,26,272
3389,218,22,229
3390,201,20,212
3391,7,1,18
3392,37,4,48
3393,129,13,140
3394,101,10,112
3395,11,1,22
3396,1,0,12
3397,371,37,382
3398,53,6,64
3399,83,9,94
3400,43,5,54
3401,123,13,134
3402,759,76,770
3403,241,24,252
3404,363,37,374
3405,192,19,203
3406,561,56,572
3407,337,34,348
3408,33,4,44
3409,633,64,644
3410,73,8,84
3411,63,7,74
3412,1331,133,1342
3413,771,77,782
3414,9,1,20
3415,101,10,112
3416,201,20,212
3417,211,21,222
3418,221,22,232
3419,111,11,122
3420,311,31,322
3421,341,34,352
3422,254,26,265
3423,-4,0,7
3424,12,1,23
3425,344,35,355
3426,991,99,1002
3427,723,73,734
3428,523,53,534
3429,191,19,202
3430,139,14,150
3431,843,85,854
3432,1023,103,1034
3433,29,3,40
3434,131,13,142
3435,223,23,234
3436,121,12,132
3437,211,21,222
3438,23,3,34
3439,18,2,29
3440,173,18,184
3441,191,19,202
3442,121,12,132
3443,51,5,62
3444,341,34,352
3445,223,23,234
3446,81,8,92
3447,2,0,13
3448,21,2,32
3449,161,16,172
3450,31,3,42
3451,11,1,22
3452,51,5,62
3453,151,15,162
3454,204,21,215
3455,510,51,521
3456,142,14,153
3457,26,3,37
3458,181,18,192
3459,41,4,52
3460,161,16,172
3461,4,1,15
3462,50,5,61
3463,136,14,147
3464,52,5,63
3465,62,6,73
3466,14,2,25
3467,6,1,17
3468,22,2,33
3469,2,0,13
3470,152,15,163
3471,62,6,73
3472,91,9,102
3473,6,1,17
3474,61,6,72
3475,177,18,188
3476,96,10,107
3477,266,27,277
3478,-3,0,8
3479,6,1,17
3480,601,60,612
3481,112,11,123
3482,481,48,492
3483,21,2,32
3484,486,49,497
3485,81,8,92
3486,1111,111,1122
3487,231,23,242
3488,81,8,92
3489,93,10,104
3490,163,17,174
3491,191,19,202
3492,21,2,32
3493,65,7,76
3494,1,0,12
3495,11,1,22
3496,101,10,112
3497,71,7,82
3498,21,2,32
3499,31,3,42
3500,1,0,12
3501,121,12,132
3502,319,32,330
3503,451,45,462
3504,56,6,67
3505,47,5,58
3506,81,8,92
3507,437,44,448
3508,111,11,122
3509,151,15,162
3510,477,48,488
3511,1024,103,1035
3512,51,5,62
3513,191,19,202
3514,211,21,222
3515,1,0,12
3516,451,45,462
3517,221,22,232
3518,87,9,98
3519,201,20,212
3520,11,1,22
3521,61,6,72
3522,341,34,352
3523,191,19,202
3524,271,27,282
3525,115,12,126
3526,221,22,232
3527,91,9,102
3528,486,49,497
3529,491,49,502
3530,141,14,152
3531,494,50,505
3532,269,27,280
3533,214,22,225
3534,71,7,82
3535,39,4,50
3536,313,32,324
3537,581,58,592
3538,225,23,236
3539,241,24,252
3540,13,2,24
3541,21,2,32
3542,525,53,536
3543,703,71,714
3544,151,15,162
3545,355,36,366
3546,73,8,84
3547,71,7,82
3548,461,46,472
3549,441,44,452
3550,2396,240,2407
3551,6,1,17
3552,591,59,602
3553,76,8,87
3554,71,7,82
3555,775,78,786
3556,591,59,602
3557,93,10,104
3558,21,2,32
3559,192,19,203
3560,11,1,22
3561,40,4,51
3562,173,18,184
3563,3,1,14
3564,21,2,32
3565,73,8,84
3566,121,12,132
3567,46,5,57
3568,131,13,142
3569,101,10,112
3570,1,0,12
3571,11,1,22
3572,11,1,22
3573,33,4,44
3574,37,4,48
3575,41,4,52
3576,11,1,22
3577,0,0,11
3578,122,12,133
3579,84,9,95
3580,43,5,54
3581,223,23,234
3582,71,7,82
3583,211,21,222
3584,131,13,142
3585,454,46,465
3586,121,12,132
3587,31,3,42
3588,131,13,142
3589,371,37,382
3590,23,3,34
3591,201,20,212
3592,609,61,620
3593,13,2,24
3594,161,16,172
3595,79,8,90
3596,69,7,80
3597,213,22,224
3598,271,27,282
3599,621,62,632
3600,31,3,42
3601,276,28,287
3602,154,16,165
3603,14,2,25
3604,254,26,265
3605,364,37,375
3606,271,27,282
3607,94,10,105
3608,971,97,982
3609,681,68,692
3610,436,44,447
3611,74,8,85
3612,13,2,24
3613,171,17,182
3614,105,11,116
3615,-6,0,5
3616,-5,0,6
3617,304,31,315
3618,591,59,602
3619,81,8,92
3620,31,3,42
3621,28,3,39
3622,101,10,112
3623,101,10,112
3624,124,13,135
3625,241,24,252
3626,31,3,42
3627,243,25,254
3628,141,14,152
3629,520,52,531
3630,91,9,102
3631,91,9,102
3632,240,24,251
3633,151,15,162
3634,91,9,102
3635,99,10,110
3636,131,13,142
3637,41,4,52
3638,566,57,577
3639,441,44,452
3640,261,26,272
3641,11,1,22
3642,51,5,62
3643,411,41,422
3644,251,25,262
3645,51,5,62
3646,149,15,160
3647,63,7,74
3648,84,9,95
3649,72,7,83
3650,512,51,523
3651,697,70,708
3652,651,65,662
3653,384,39,395
3654,358,36,369
3655,291,29,302
3656,64,7,75
3657,365,37,376
3658,41,4,52
3659,24,3,35
3660,34,4,45
3661,6,1,17
3662,33,4,44
3663,204,21,215
3664,342,34,353
3665,24,3,35
3666,214,22,225
3667,81,8,92
3668,21,2,32
3669,51,5,62
3670,81,8,92
3671,121,12,132
3672,41,4,52
3673,13,2,24
3674,33,4,44
3675,1,0,12
3676,83,9,94
3677,81,8,92
3678,51,5,62
3679,61,6,72
3680,1,0,12
3681,21,2,32
3682,21,2,32
3683,159,16,170
3684,171,17,182
3685,136,14,147
3686,1318,132,1329
3687,61,6,72
3688,381,38,392
3689,467,47,478
3690,61,6,72
3691,367,37,378
3692,761,76,772
3693,816,82,827
3694,1601,160,1612
3695,189,19,200
3696,389,39,400
3697,68,7,79
3698,555,56,566
3699,1,0,12
3700,101,10,112
3701,1171,117,1182
3702,27,3,38
3703,51,5,62
3704,217,22,228
3705,11,1,22
3706,101,10,112
3707,561,56,572
3708,11,1,22
3709,181,18,192
3710,308,31,319
3711,281,28,292
3712,591,59,602
3713,61,6,72
3714,51,5,62
3715,1,0,12
3716,1,0,12
3717,107,11,118
3718,101,10,112
3719,-4,0,7
3720,319,32,330
3721,15,2,26
3722,-6,0,5
3723,1,0,12
3724,275,28,286
3725,117,12,128
3726,191,19,202
3727,152,15,163
3728,87,9,98
3729,613,62,624
3730,118,12,129
3731,109,11,120
3732,43,5,54
3733,133,14,144
3734,1417,142,1428
3735,531,53,542
3736,91,9,102
3737,208,21,219
3738,15,2,26
3739,139,14,150
3740,297,30,308
3741,19,2,30
3742,441,44,452
3743,169,17,180
3744,51,5,62
3745,1,0,12
3746,68,7,79
3747,1,0,12
3748,1,0,12
3749,31,3,42
3750,1,0,12
3751,11,1,22
3752,1,0,12
3753,1,0,12
3754,51,5,62
3755,1,0,12
3756,1,0,12
3757,51,5,62
3758,21,2,32
3759,101,10,112
3760,459,46,470
3761,121,12,132
3762,17,2,28
3763,596,60,607
3764,1381,138,1392
3765,700,70,711
3766,175,18,186
3767,394,40,405
3768,115,12,126
3769,76,8,87
3770,11,1,22
3771,21,2,32
3772,344,35,355
3773,351,35,362
3774,23,3,34
3775,325,33,336
3776,21,2,32
3777,81,8,92
3778,27,3,38
3779,121,12,132
3780,51,5,62
3781,137,14,148
3782,81,8,92
3783,141,14,152
3784,701,70,712
3785,813,82,824
3786,231,23,242
3787,280,28,291
3788,101,10,112
3789,224,23,235
3790,131,13,142
3791,33,4,44
3792,11,1,22
3793,41,4,52
3794,101,10,112
3795,61,6,72
3796,71,7,82
3797,486,49,497
3798,163,17,174
3799,53,6,64
3800,561,56,572
3801,32,3,43
3802,371,37,382
3803,1867,187,1878
3804,351,35,362
3805,210,21,221
3806,11,1,22
3807,128,13,139
3808,171,17,182
3809,157,16,168
3810,17,2,28
3811,1139,114,1150
3812,539,54,550
3813,351,35,362
3814,681,68,692
3815,31,3,42
3816,274,28,285
3817,31,3,42
3818,-6,0,5
3819,462,46,473
3820,81,8,92
3821,101,10,112
3822,-3,0,8
3823,19,2,30
3824,412,41,423
3825,122,12,133
3826,32,3,43
3827,171,17,182
3828,667,67,678
3829,37,4,48
3830,75,8,86
3831,1806,181,1817
3832,191,19,202
3833,21,2,32
3834,128,13,139
3835,-8,0,3
3836,938,94,949
3837,251,25,262
3838,475,48,486
3839,352,35,363
3840,61,6,72
3841,156,16,167
3842,186,19,197
3843,6,1,17
3844,414,42,425
3845,922,92,933
3846,71,7,82
3847,531,53,542
3848,482,48,493
3849,63,7,74
3850,2,0,13
3851,-3,0,8
3852,171,17,182
3853,341,34,352
3854,1121,112,1132
3855,81,8,92
3856,121,12,132
3857,91,9,102
3858,831,83,842
3859,11,1,22
3860,7,1,18
3861,1054,106,1065
3862,367,37,378
3863,131,13,142
3864,1,0,12
3865,11,1,22
3866,61,6,72
3867,-6,0,5
3868,569,57,580
3869,119,12,130
3870,109,11,120
3871,61,6,72
3872,58,6,69
3873,281,28,292
3874,245,25,256
3875,243,25,254
3876,264,27,275
3877,161,16,172
3878,11,1,22
3879,311,31,322
3880,911,91,922
3881,91,9,102
3882,765,77,776
3883,18,2,29
3884,1118,112,1129
3885,994,100,1005
3886,946,95,957
3887,478,48,489
3888,11,1,22
3889,28,3,39
3890,21,2,32
3891,42,4,53
3892,164,17,175
3893,114,12,125
3894,115,12,126
3895,1121,112,1132
3896,84,9,95
3897,981,98,992
3898,408,41,419
3899,131,13,142
3900,651,65,662
3901,401,40,412
3902,51,5,62
3903,-2,0,9
3904,355,36,366
3905,35,4,46
3906,55,6,66
3907,26,3,37
3908,1593,160,1604
3909,684,69,695
3910,74,8,85
3911,258,26,269
3912,498,50,509
3913,651,65,662
3914,355,36,366
3915,85,9,96
3916,1,0,12
3917,-8,0,3
3918,551,55,562
3919,-8,0,3
3920,121,12,132
3921,81,8,92
3922,246,25,257
3923,248,25,259
3924,1,0,12
3925,606,61,617
3926,202,20,213
3927,279,28,290
3928,1,0,12
3929,1,0,12
3930,11,1,22
3931,323,33,334
3932,116,12,127
3933,254,26,265
3934,31,3,42
3935,39,4,50
3936,113,12,124
3937,183,19,194
3938,31,3,42
3939,178,18,189
3940,92,9,103
3941,501,50,512
3942,81,8,92
3943,2031,203,2042
3944,31,3,42
3945,1,0,12
3946,481,48,492
3947,439,44,450
3948,1369,137,1380
3949,84,9,95
3950,63,7,74
3951,261,26,272
3952,-8,0,3
3953,36,4,47
3954,-6,0,5
3955,24,3,35
3956,81,8,92
3957,121,12,132
3958,169,17,180
3959,44,5,55
3960,61,6,72
3961,404,41,415
3962,424,43,435
3963,-6,0,5
3964,263,27,274
3965,285,29,296
3966,174,18,185
3967,191,19,202
3968,114,12,125
3969,564,57,575
3970,253,26,264
3971,164,17,175
3972,81,8,92
3973,164,17,175
3974,33,4,44
3975,4,1,15
3976,21,2,32
3977,131,13,142
3978,387,39,398
3979,77,8,88
3980,162,16,173
3981,21,2,32
3982,41,4,52
3983,78,8,89
3984,-6,0,5
3985,553,56,564
3986,203,21,214
3987,85,9,96
3988,233,24,244
3989,761,76,772
3990,41,4,52
3991,393,40,404
3992,841,84,852
3993,233,24,244
3994,83,9,94
3995,191,19,202
3996,43,5,54
3997,71,7,82
3998,141,14,152
3999,171,17,182
4000,538,54,549
4001,88,9,99
4002,16,2,27
4003,7,1,18
4004,33,4,44
4005,296,30,307
4006,223,23,234
4007,42,4,53
4008,52,5,63
4009,23,3,34
4010,32,3,43
4011,192,19,203
4012,321,32,332
4013,1411,141,1422
4014,761,76,772
4015,211,21,222
4016,231,23,242
4017,327,33,338
4018,213,22,224
4019,112,11,123
4020,1,0,12
4021,333,34,344
4022,72,7,83
4023,101,10,112
4024,55,6,66
4025,129,13,140
4026,343,35,354
4027,151,15,162
4028,-6,0,5
4029,11,1,22
4030,134,14,145
4031,-6,0,5
4032,33,4,44
4033,449,45,460
4034,480,48,491
4035,1,0,12
4036,19,2,30
4037,1,0,12
4038,11,1,22
4039,34,4,45
4040,34,4,45
4041,1,0,12
4042,1,0,12
4043,21,2,32
4044,1,0,12
4045,21,2,32
4046,11,1,22
4047,31,3,42
4048,21,2,32
4049,204,21,215
4050,49,5,60
4051,121,12,132
4052,107,11,118
4053,107,11,118
4054,88,9,99
4055,8,1,19
4056,141,14,152
4057,11,1,22
4058,1,0,12
4059,1,0,12
4060,21,2,32
4061,21,2,32
4062,0,0,11
4063,1,0,12
4064,66,7,77
4065,91,9,102
4066,1,0,12
4067,31,3,42
4068,1,0,12
4069,11,1,22
4070,52,5,63
4071,13,2,24
4072,57,6,68
4073,166,17,177
4074,46,5,57
4075,26,3,37
4076,68,7,79
4077,6,1,17
4078,351,35,362
4079,141,14,152
4080,931,93,942
4081,16,2,27
4082,219,22,230
4083,791,79,802
4084,1348,135,1359
4085,1611,161,1622
4086,141,14,152
4087,201,20,212
4088,201,20,212
4089,51,5,62
4090,81,8,92
4091,281,28,292
4092,11,1,22
4093,11,1,22
4094,41,4,52
4095,1,0,12
4096,1,0,12
4097,41,4,52
4098,1,0,12
4099,61,6,72
4100,31,3,42
4101,26,3,37
4102,31,3,42
4103,231,23,242
4104,39,4,50
4105,80,8,91
4106,41,4,52
4107,251,25,262
4108,171,17,182
4109,21,2,32
4110,79,8,90
4111,61,6,72
4112,171,17,182
4113,32,3,43
4114,41,4,52
4115,11,1,22
4116,31,3,42
4117,51,5,62
4118,11,1,22
4119,51,5,62
4120,31,3,42
4121,61,6,72
4122,51,5,62
4123,11,1,22
4124,1,0,12
4125,31,3,42
4126,116,12,127
4127,21,2,32
4128,231,23,242
4129,1,0,12
4130,11,1,22
4131,31,3,42
4132,111,11,122
4133,8,1,19
4134,121,12,132
4135,91,9,102
4136,21,2,32
4137,1,0,12
4138,1,0,12
4139,11,1,22
4140,301,30,312
4141,38,4,49
4142,107,11,118
4143,60,6,71
4144,37,4,48
4145,187,19,198
4146,11,1,22
4147,241,24,252
4148,128,13,139
4149,100,10,111
4150,101,10,112
4151,21,2,32
4152,1,0,12
4153,21,2,32
4154,11,1,22
4155,109,11,120
4156,21,2,32
4157,18,2,29
4158,8,1,19
4159,111,11,122
4160,1,0,12
4161,21,2,32
4162,1,0,12
4163,151,15,162
4164,1,0,12
4165,51,5,62
4166,21,2,32
4167,1,0,12
4168,11,1,22
4169,21,2,32
4170,37,4,48
4171,1,0,12
4172,1,0,12
4173,223,23,234
4174,51,5,62
4175,75,8,86
4176,21,2,32
4177,243,25,254
4178,6,1,17
4179,690,69,701
4180,91,9,102
4181,3,1,14
4182,62,6,73
4183,81,8,92
4184,71,7,82
4185,41,4,52
4186,1,0,12
4187,-8,0,3
4188,11,1,22
4189,571,57,582
4190,122,12,133
4191,287,29,298
4192,48,5,59
4193,301,30,312
4194,351,35,362
4195,536,54,547
4196,651,65,662
4197,101,10,112
4198,21,2,32
4199,281,28,292
4200,8,1,19
4201,758,76,769
4202,51,5,62
4203,1,0,12
4204,11,1,22
4205,11,1,22
4206,41,4,52
4207,41,4,52
4208,121,12,132
4209,8,1,19
4210,108,11,119
4211,31,3,42
4212,21,2,32
4213,161,16,172
4214,41,4,52
4215,41,4,52
4216,11,1,22
4217,21,2,32
4218,21,2,32
4219,1,0,12
4220,41,4,52
4221,31,3,42
4222,56,6,67
4223,21,2,32
4224,21,2,32
4225,71,7,82
4226,91,9,102
4227,1,0,12
4228,1,0,12
4229,43,5,54
4230,1,0,12
4231,21,2,32
4232,81,8,92
4233,123,13,134
4234,94,10,105
4235,12,1,23
4236,161,16,172
4237,281,28,292
4238,216,22,227
4239,61,6,72
4240,621,62,632
4241,121,12,132
4242,131,13,142
4243,91,9,102
4244,-8,0,3
4245,161,16,172
4246,21,2,32
4247,171,17,182
4248,21,2,32
4249,51,5,62
4250,145,15,156
4251,-1,0,10
4252,31,3,42
4253,51,5,62
4254,85,9,96
4255,11,1,22
4256,468,47,479
4257,358,36,369
4258,411,41,422
4259,7,1,18
4260,18,2,29
4261,148,15,159
4262,31,3,42
4263,748,75,759
4264,831,83,842
4265,1,0,12
4266,1,0,12
4267,-8,0,3
4268,1,0,12
4269,1,0,12
4270,11,1,22
4271,51,5,62
4272,1,0,12
4273,71,7,82
4274,11,1,22
4275,71,7,82
4276,21,2,32
4277,21,2,32
4278,121,12,132
4279,168,17,179
4280,91,9,102
4281,11,1,22
4282,21,2,32
4283,11,1,22
4284,31,3,42
4285,1,0,12
4286,1,0,12
4287,62,6,73
4288,383,39,394
4289,501,50,512
4290,161,16,172
4291,17,2,28
4292,1681,168,1692
4293,131,13,142
4294,326,33,337
4295,231,23,242
4296,86,9,97
4297,45,5,56
4298,186,19,197
4299,118,12,129
4300,126,13,137
4301,35,4,46
4302,34,4,45
4303,61,6,72
4304,881,88,892
4305,61,6,72
4306,391,39,402
4307,361,36,372
4308,-8,0,3
4309,91,9,102
4310,338,34,349
4311,739,74,750
4312,1991,199,2002
4313,241,24,252
4314,21,2,32
4315,21,2,32
4316,-8,0,3
4317,31,3,42
4318,11,1,22
4319,-5,0,6
4320,1,0,12
4321,148,15,159
4322,-8,0,3
4323,531,53,542
4324,41,4,52
4325,1031,103,1042
4326,1621,162,1632
4327,261,26,272
4328,185,19,196
4329,55,6,66
4330,78,8,89
4331,32,3,43
4332,85,9,96
4333,131,13,142
4334,24,3,35
4335,341,34,352
4336,151,15,162
4337,181,18,192
4338,121,12,132
4339,91,9,102
4340,51,5,62
4341,219,22,230
4342,271,27,282
4343,81,8,92
4344,11,1,22
4345,31,3,42
4346,341,34,352
4347,551,55,562
4348,171,17,182
4349,141,14,152
4350,301,30,312
4351,1,0,12
4352,1,0,12
4353,161,16,172
4354,361,36,372
4355,11,1,22
4356,51,5,62
4357,131,13,142
4358,31,3,42
4359,67,7,78
4360,1,0,12
4361,101,10,112
4362,47,5,58
4363,41,4,52
4364,131,13,142
4365,-2,0,9
4366,1,0,12
4367,1,0,12
4368,43,5,54
4369,127,13,138
4370,365,37,376
4371,55,6,66
4372,1,0,12
4373,54,6,65
4374,11,1,22
4375,-4,0,7
4376,51,5,62
4377,11,1,22
4378,18,2,29
4379,81,8,92
4380,27,3,38
4381,204,21,215
4382,61,6,72
4383,5,1,16
4384,166,17,177
4385,587,59,598
4386,31,3,42
4387,41,4,52
4388,11,1,22
4389,116,12,127
4390,41,4,52
4391,21,2,32
4392,1,0,12
4393,31,3,42
4394,21,2,32
4395,11,1,22
4396,358,36,369
4397,18,2,29
4398,98,10,109
4399,41,4,52
4400,148,15,159
4401,21,2,32
4402,18,2,29
4403,11,1,22
4404,378,38,389
4405,15,2,26
4406,698,70,709
4407,61,6,72
4408,16,2,27
4409,60,6,71
4410,191,19,202
4411,11,1,22
4412,101,10,112
4413,31,3,42
4414,71,7,82
4415,7,1,18
4416,78,8,89
4417,11,1,22
4418,11,1,22
4419,191,19,202
4420,155,16,166
4421,36,4,47
4422,45,5,56
4423,31,3,42
4424,36,4,47
4425,141,14,152
4426,446,45,457
4427,6,1,17
4428,91,9,102
4429,135,14,146
4430,36,4,47
4431,-5,0,6
4432,151,15,162
4433,241,24,252
4434,151,15,162
4435,41,4,52
4436,21,2,32
4437,171,17,182
4438,11,1,22
4439,21,2,32
4440,41,4,52
4441,21,2,32
4442,51,5,62
4443,31,3,42
4444,1,0,12
4445,21,2,32
4446,51,5,62
4447,121,12,132
4448,71,7,82
4449,11,1,22
4450,11,1,22
4451,81,8,92
4452,31,3,42
4453,191,19,202
4454,21,2,32
4455,31,3,42
4456,31,3,42
4457,281,28,292
4458,371,37,382
4459,91,9,102
4460,101,10,112
4461,61,6,72
4462,17,2,28
4463,61,6,72
4464,11,1,22
4465,1,0,12
4466,121,12,132
4467,41,4,52
4468,361,36,372
4469,161,16,172
4470,41,4,52
4471,21,2,32
4472,61,6,72
4473,21,2,32
4474,31,3,42
4475,1,0,12
4476,11,1,22
4477,1,0,12
4478,161,16,172
4479,1,0,12
4480,161,16,172
4481,311,31,322
4482,141,14,152
4483,21,2,32
4484,131,13,142
4485,241,24,252
4486,61,6,72
4487,101,10,112
4488,216,22,227
4489,161,16,172
4490,27,3,38
4491,41,4,52
4492,2,0,13
4493,2,0,13
4494,103,11,114
4495,61,6,72
4496,1,0,12
4497,41,4,52
4498,22,2,33
4499,41,4,52
4500,91,9,102
4501,51,5,62
4502,61,6,72
4503,41,4,52
4504,81,8,92
4505,31,3,42
4506,21,2,32
4507,71,7,82
4508,31,3,42
4509,31,3,42
4510,21,2,32
4511,1,0,12
4512,37,4,48
4513,31,3,42
4514,41,4,52
4515,21,2,32
4516,21,2,32
4517,1,0,12
4518,131,13,142
4519,1,0,12
4520,61,6,72
4521,11,1,22
4522,11,1,22
4523,16,2,27
4524,1,0,12
4525,31,3,42
4526,31,3,42
4527,41,4,52
4528,31,3,42
4529,1,0,12
4530,11,1,22
4531,1,0,12
4532,51,5,62
4533,71,7,82
4534,1,0,12
4535,21,2,32
4536,11,1,22
4537,21,2,32
4538,61,6,72
4539,21,2,32
4540,1,0,12
4541,21,2,32
4542,21,2,32
4543,51,5,62
4544,111,11,122
4545,37,4,48
4546,41,4,52
4547,41,4,52
4548,31,3,42
4549,25,3,36
4550,21,2,32
4551,1,0,12
4552,11,1,22
4553,1,0,12
4554,61,6,72
4555,61,6,72
4556,111,11,122
4557,1,0,12
4558,21,2,32
4559,41,4,52
4560,11,1,22
4561,51,5,62
4562,1,0,12
4563,21,2,32
4564,1,0,12
4565,11,1,22
4566,21,2,32
4567,81,8,92
4568,41,4,52
4569,41,4,52
4570,485,49,496
4571,119,12,130
4572,71,7,82
4573,11,1,22
4574,1,0,12
4575,91,9,102
4576,11,1,22
4577,-2,0,9
4578,57,6,68
4579,51,5,62
4580,321,32,332
4581,111,11,122
4582,169,17,180
4583,99,10,110
4584,21,2,32
4585,11,1,22
4586,95,10,106
4587,69,7,80
4588,251,25,262
4589,237,24,248
4590,-3,0,8
4591,21,2,32
4592,381,38,392
4593,271,27,282
4594,158,16,169
4595,101,10,112
4596,501,50,512
4597,171,17,182
4598,61,6,72
4599,111,11,122
4600,123,13,134
4601,43,5,54
4602,32,3,43
4603,221,22,232
4604,224,23,235
4605,1,0,12
4606,21,2,32
4607,24,3,35
4608,188,19,199
4609,84,9,95
4610,23,3,34
4611,58,6,69
4612,201,20,212
4613,221,22,232
4614,161,16,172
4615,101,10,112
4616,32,3,43
4617,111,11,122
4618,228,23,239
4619,228,23,239
4620,211,21,222
4621,41,4,52
4622,151,15,162
4623,18,2,29
4624,8,1,19
4625,81,8,92
4626,51,5,62
4627,21,2,32
4628,151,15,162
4629,491,49,502
4630,31,3,42
4631,11,1,22
4632,1,0,12
4633,101,10,112
4634,331,33,342
4635,209,21,220
4636,541,54,552
4637,321,32,332
4638,161,16,172
4639,21,2,32
4640,21,2,32
4641,1,0,12
4642,31,3,42
4643,41,4,52
4644,11,1,22
4645,1,0,12
4646,11,1,22
4647,21,2,32
4648,2,0,13
4649,101,10,112
4650,250,25,261
4651,132,13,143
4652,1,0,12
4653,22,2,33
4654,11,1,22
4655,32,3,43
4656,179,18,190
4657,51,5,62
4658,31,3,42
4659,21,2,32
4660,1,0,12
4661,81,8,92
4662,271,27,282
4663,98,10,109
4664,21,2,32
4665,34,4,45
4666,524,53,535
4667,255,26,266
4668,51,5,62
4669,91,9,102
4670,53,6,64
4671,44,5,55
4672,371,37,382
4673,41,4,52
4674,351,35,362
4675,191,19,202
4676,121,12,132
4677,11,1,22
4678,181,18,192
4679,131,13,142
4680,101,10,112
4681,74,8,85
4682,181,18,192
4683,61,6,72
4684,281,28,292
4685,101,10,112
4686,161,16,172
4687,181,18,192
4688,221,22,232
4689,41,4,52
4690,11,1,22
4691,221,22,232
4692,191,19,202
4693,521,52,532
4694,902,90,913
4695,57,6,68
4696,51,5,62
4697,71,7,82
4698,11,1,22
4699,56,6,67
4700,679,68,690
4701,266,27,277
4702,571,57,582
4703,43,5,54
4704,21,2,32
4705,698,70,709
4706,107,11,118
4707,41,4,52
4708,41,4,52
4709,281,28,292
4710,47,5,58
4711,247,25,258
4712,501,50,512
4713,68,7,79
4714,101,10,112
4715,251,25,262
4716,621,62,632
4717,201,20,212
4718,321,32,332
4719,18,2,29
4720,71,7,82
4721,11,1,22
4722,-5,0,6
4723,55,6,66
4724,581,58,592
4725,704,71,715
4726,63,7,74
4727,185,19,196
4728,15,2,26
4729,14,2,25
4730,29,3,40
4731,93,10,104
4732,15,2,26
4733,133,14,144
4734,63,7,74
4735,1,0,12
4736,73,8,84
4737,93,10,104
4738,4,1,15
4739,82,8,93
4740,285,29,296
4741,704,71,715
4742,96,10,107
4743,41,4,52
4744,331,33,342
4745,481,48,492
4746,36,4,47
4747,101,10,112
4748,51,5,62
4749,41,4,52
4750,21,2,32
4751,31,3,42
4752,135,14,146
4753,134,14,145
4754,106,11,117
4755,181,18,192
4756,15,2,26
4757,780,78,791
4758,431,43,442
4759,96,10,107
4760,199,20,210
4761,1016,102,1027
4762,305,31,316
4763,605,61,616
4764,332,33,343
4765,381,38,392
4766,191,19,202
4767,281,28,292
4768,21,2,32
4769,101,10,112
4770,90,9,101
4771,11,1,22
4772,18,2,29
4773,1,0,12
4774,11,1,22
4775,66,7,77
4776,112,11,123
4777,31,3,42
4778,11,1,22
4779,131,13,142
4780,141,14,152
4781,341,34,352
4782,255,26,266
4783,1135,114,1146
4784,651,65,662
4785,124,13,135
4786,321,32,332
4787,81,8,92
4788,42,4,53
4789,345,35,356
4790,2,0,13
4791,371,37,382
4792,111,11,122
4793,21,2,32
4794,81,8,92
4795,176,18,187
4796,31,3,42
4797,201,20,212
4798,61,6,72
4799,111,11,122
4800,101,10,112
4801,91,9,102
4802,71,7,82
4803,121,12,132
4804,81,8,92
4805,51,5,62
4806,18,2,29
4807,101,10,112
4808,81,8,92
4809,18,2,29
4810,21,2,32
4811,61,6,72
4812,298,30,309
4813,41,4,52
4814,49,5,60
4815,111,11,122
4816,11,1,22
4817,41,4,52
4818,31,3,42
4819,131,13,142
4820,61,6,72
4821,1,0,12
4822,21,2,32
4823,1,0,12
4824,61,6,72
4825,191,19,202
4826,1491,149,1502
4827,51,5,62
4828,301,30,312
4829,118,12,129
4830,126,13,137
4831,142,14,153
4832,81,8,92
4833,144,15,155
4834,83,9,94
4835,81,8,92
4836,144,15,155
4837,24,3,35
4838,41,4,52
4839,416,42,427
4840,219,22,230
4841,121,12,132
4842,401,40,412
4843,26,3,37
4844,86,9,97
4845,201,20,212
4846,281,28,292
4847,82,8,93
4848,123,13,134
4849,11,1,22
4850,31,3,42
4851,3,1,14
4852,24,3,35
4853,38,4,49
4854,151,15,162
4855,1,0,12
4856,21,2,32
4857,141,14,152
4858,21,2,32
4859,111,11,122
4860,228,23,239
4861,261,26,272
4862,61,6,72
4863,21,2,32
4864,11,1,22
4865,11,1,22
4866,131,13,142
4867,454,46,465
4868,91,9,102
4869,193,20,204
4870,41,4,52
4871,6,1,17
4872,6,1,17
4873,101,10,112
4874,131,13,142
4875,101,10,112
4876,304,31,315
4877,81,8,92
4878,254,26,265
4879,177,18,188
4880,215,22,226
4881,311,31,322
4882,91,9,102
4883,24,3,35
4884,261,26,272
4885,121,12,132
4886,-6,0,5
4887,431,43,442
4888,61,6,72
4889,551,55,562
4890,191,19,202
4891,1368,137,1379
4892,82,8,93
4893,288,29,299
4894,291,29,302
4895,38,4,49
4896,11,1,22
4897,61,6,72
4898,1418,142,1429
4899,426,43,437
4900,206,21,217
4901,369,37,380
4902,884,89,895
4903,71,7,82
4904,124,13,135
4905,63,7,74
4906,351,35,362
4907,130,13,141
4908,1055,106,1066
4909,344,35,355
4910,235,24,246
4911,192,19,203
4912,2,0,13
4913,-5,0,6
4914,481,48,492
4915,411,41,422
4916,280,28,291
4917,431,43,442
4918,231,23,242
4919,841,84,852
4920,19,2,30
4921,581,58,592
4922,93,10,104
4923,143,15,154
4924,93,10,104
4925,101,10,112
4926,11,1,22
4927,141,14,152
4928,161,16,172
4929,80,8,91
4930,111,11,122
4931,271,27,282
4932,51,5,62
4933,225,23,236
4934,341,34,352
4935,51,5,62
4936,31,3,42
4937,749,75,760
4938,991,99,1002
4939,1026,103,1037
4940,271,27,282
4941,201,20,212
4942,81,8,92
4943,196,20,207
4944,121,12,132
4945,238,24,249
4946,28,3,39
4947,607,61,618
4948,299,30,310
4949,1,0,12
4950,488,49,499
4951,251,25,262
4952,31,3,42
4953,31,3,42
4954,41,4,52
4955,1,0,12
4956,181,18,192
4957,71,7,82
4958,1,0,12
4959,237,24,248
4960,931,93,942
4961,1,0,12
4962,491,49,502
4963,720,72,731
4964,41,4,52
4965,31,3,42
4966,1,0,12
4967,941,94,952
4968,21,2,32
4969,742,74,753
4970,441,44,452
4971,167,17,178
4972,127,13,138
4973,96,10,107
4974,202,20,213
4975,72,7,83
4976,24,3,35
4977,22,2,33
4978,17,2,28
4979,56,6,67
4980,71,7,82
4981,357,36,368
4982,700,70,711
4983,322,32,333
4984,297,30,308
4985,307,31,318
4986,2092,209,2103
4987,143,15,154
4988,87,9,98
4989,209,21,220
4990,771,77,782
4991,691,69,702
4992,61,6,72
4993,81,8,92
4994,251,25,262
4995,91,9,102
4996,111,11,122
4997,655,66,666
4998,103,11,114
4999,756,76,767
